,USDRUB,Кукуруза,Молоко сырое,Мясо птицы бройлеров в живом весе ,Мясо крупного рогатого скота в живом весе ,Подсолнечник,Пшеница 1-го класса,Пшеница 3-го класса,Пшеница 5-го класса,Сахар (средняя цена по России),Свинина в живом весе,Соевое масло,Соевый шрот,Соя,Яйцо товарное,Подсолнечное масло наливом (мировые цены),Бутилированное подсолнечное масло (рафинированное),Подсолнечный шрот ,Колбасы сырокопченые,Баранина в живом весе,Баранина в убойном весе ,Какао-бобы (USD),Какао-бобы,"Подсолнечное масло (наливом) не бутилированное, нерафинированное ",Кокосовое масло (USD) ,Кокосовое масло ,Пальмовое масло (USD),Пальмовое масло ,Табак (USD),Табак,Пшеница 4-го класса,"Минтай б/г, Владивосток руб./кг","Сельдь н/р, Владивосток руб./кг","Огурцы тепличные, руб./кг","Томаты тепличные, руб./кг",Колбасы вареные,"Рапс, руб./т","Мука пшеничная, руб./т",Карбамид (FOB Южный),"Моноаммонийфосфат, MAP (FOB Балтика)",Апатитовый концетрат (FOB Morocco),Аммиак (FOB Черное море),Аммиачная селитра (FOB Черное море),Хлорид калия (CFR Ю-В Азия),Капролактам импортный контракт (Тайвань и Ю. Корея) CFR Азия,Метанол,"Бензол, CFR Япония","Этилен, CFR Китай","Пшеница 12,5% FOB Ново, руб/т","Минтай б/г, Китай C&F руб/т","Рапсовое масло EU, руб/т"
2016-01-01,77.1504,7.78479,21.90863,68.46275999999999,98.09368,23.0651,9.15253,9.8231,8.46839,37.84716,88.62219,659.842766,297.17202114232487,300.3477622928721,49.5168,761.25,61.88655083217044,12.454545454545451,451.52106,88.29955,124.42243,223273.2576,223273.2576,51.93181818181818,88877.2608,88877.2608,41054.59813274799,41054.59813274799,364861.60044000007,364861.60044000007,9.93654,76.36363636363636,61.81818181818181,131.94166,115.46288,209.25854,21.18963,15.41724,209.875,366.25,120.0,266.6666666666667,199.375,278.75,1153.0,185.4,556.0,987.5,13983.51,88722.96,60010.14952625135
2016-02-01,77.2096,8.96166,21.93128,71.09692999999999,95.9607,25.00451,10.34451,10.189,9.03158,38.85286,87.57925999999999,686.9595919999999,291.3628421986695,316.6681345324934,47.5465,765.0,62.69906572274599,12.454545454545451,435.67062,79.00924,188.18999,219815.73119999998,219815.7312,52.61363636363636,94113.097728,94113.097728,46020.13793354906,46020.13793354906,360317.25738666696,360317.25738666696,10.05779,70.9090909090909,72.72727272727272,144.94537,135.20481,207.97769,23.109060000000003,15.57141,207.125,332.5,117.5,260.5,182.125,272.5,1163.0,150.0,546.25,927.5,13878.425599999999,81070.07999999999,60138.76933255556
2016-03-01,69.8752,8.62014,21.92008,72.08125,98.69213,24.90511,6.09198,10.36078,8.94807,38.67485,87.38866,713.855956,296.17994124682394,345.3033408133357,45.4074,755.0,60.66777849630713,12.454545454545451,432.46057,84.08993,163.21939,209765.35040000002,209765.3504,50.90909090909091,100653.82809600001,100653.828096,44266.49186831979,44266.49186831979,319245.81376000005,319245.81376000005,10.59067,71.81818181818181,72.72727272727272,120.45387,135.27956,209.48337,24.02986,15.77773,199.875,345.0,117.5,267.5,180.3,267.5,1290.0,164.75,625.0,1173.75,12525.129600000002,74067.71200000001,53372.324136170675
2016-04-01,66.4805,8.72565,21.71031,67.15105,99.12532,23.89394,11.4929,10.14423,8.972940000000001,37.19853,87.97157000000001,748.46849,327.7060357038532,364.4106166469867,43.9359,778.0,57.20104829651815,12.454545454545451,438.66536,86.01010000000001,150.50769,199507.9805,199507.9805,47.99999999999999,105102.34647500001,105102.346475,45271.05580719597,45271.05580719597,306978.6947875,306978.6947875,10.18794,70.9090909090909,70.9090909090909,98.95286,142.82873999999998,206.99801,26.40237,15.40255,203.875,346.25,115.0,271.0,172.0,267.5,1355.0,179.9,642.0,1192.5,12365.373000000001,73128.55,53476.304785919456
2016-05-01,65.9479,8.86495,21.32462,69.3478,98.50837,22.98529,10.5655,9.9186,9.07765,37.41873,88.55566999999999,707.021634,407.5023286319769,358.50451644404137,36.6134,790.0,59.04274871515605,12.454545454545451,430.44287,93.48598,159.06769,198635.0748,198635.0748,49.54545454545455,94932.00205000001,94932.00205,42514.36888509223,42514.36888509223,309364.34672916686,309364.34672916686,10.03576,69.09090909090908,63.63636363636363,70.64448,102.1559,210.83934,26.08225,15.26102,200.5,341.5,107.5,279.25,154.75,251.875,1278.0,201.25,631.25,1160.0,12423.265402,72542.69,53173.032925500505
2016-06-01,64.9878,9.84331,20.86018,69.66076,97.14411,23.460330000000003,11.23317,10.34096,9.18651,38.35644,87.55748,703.714704,443.41562084911016,352.5210885735477,32.725100000000005,787.5,61.64279636499778,12.454545454545451,444.26733,95.62274,169.55339,201787.11899999998,201787.119,51.72727272727272,100597.86501,100597.86501,40263.81058518164,40263.81058518164,313641.4125349998,313641.4125349998,9.49423,66.36363636363636,63.63636363636363,50.72299,91.04297,213.40908,25.34406,15.66281,191.25,340.0,107.5,271.125,143.1,244.375,1293.0,203.0,610.0,1055.0,11697.803999999998,72786.336,51628.52370683813
2016-07-01,64.4309,9.95346,20.52193,69.73974000000001,96.49331,24.25699,9.99489,10.29247,9.19569,40.49526,91.10023,669.763556,403.29150063107306,383.53957495549497,34.3355,764.0,61.85946700248459,12.454545454545451,432.55669,91.56863,165.67852,194452.4562,194452.4562,51.90909090909091,97612.81349999999,97612.8135,37638.59345391188,37638.59345391188,314283.7286408335,314283.7286408335,9.39058,60.90909090909091,59.090909090909086,39.06771,63.71092,213.15626,23.59614,16.2445,176.25,338.75,107.5,258.5,138.625,242.5,1340.0,200.4,631.0,1115.0,10669.757039999999,74095.53499999999,49393.111886801235
2016-08-01,64.9556,11.10184,21.15338,73.35413,97.64973,25.16132,9.2131,9.41796,7.614229999999999,41.03629,94.42914,711.8717979999999,364.4791304970871,359.6259598864455,34.936,768.75,58.2302338245805,12.454545454545451,423.4488,91.71002,166.81251,194931.7556,194931.7556,48.86363636363636,102305.07,102305.07,43169.10979494529,43169.10979494529,317544.11134666647,317544.11134666647,8.2324,68.18181818181817,54.54545454545454,29.154490000000003,40.95539,219.25932,21.29539,16.01175,183.75,340.0,107.5,203.75,144.375,242.5,1400.0,197.0,657.5,1130.0,10977.4964,77946.72,52939.05699042715
2016-09-01,64.3891,8.09433,21.21362,74.35419,96.11204,23.38382,9.12748,8.37185,7.1603900000000005,35.28257,98.50501,722.674436,342.2455177279166,385.7527128038752,37.7317,778.0,56.00935979034069,12.454545454545451,425.75128,81.74501,154.58416,183959.6587,183959.6587,46.99999999999999,100278.940449,100278.940449,44509.2873935443,44509.2873935443,320403.9176308331,320403.9176308331,8.22048,68.18181818181817,57.27272727272727,34.84682,41.33773,213.18964000000005,23.29871,15.40953,189.0,342.5,107.5,178.5,156.1,245.0,1423.0,210.5,640.0,1178.75,10875.31899,77266.92,54603.66284774003
2016-10-01,62.5923,7.93624,22.25262,74.76701,96.63461,20.56398,9.28447,8.55124,7.07791,33.78314,100.09426,757.28697,337.1197716011618,380.26786042372623,43.4604,775.0,52.54262959055171,12.454545454545451,435.82378000000006,87.52772999999999,144.95792,171002.1636,171002.1636,44.090909090909086,92234.135511,92234.135511,40855.83427838431,40855.83427838431,309496.4945925002,309496.4945925002,9.8694,66.36363636363636,54.54545454545454,51.25381,72.2445,213.05362,22.27554,15.3006,191.375,335.0,105.25,171.875,175.875,246.875,1428.0,216.5,641.25,1068.75,10906.708275,75110.76,55714.77063185832
2016-11-01,64.4536,7.766319999999999,23.47985,79.85327000000001,94.90725,19.47808,8.35308,8.517370000000001,7.092779999999999,33.46605,94.07682,772.498848,345.6957511422698,350.47026077674485,45.9331,761.25,51.60823746638984,12.454545454545451,427.04555,83.52155,147.07424,159716.0208,159716.0208,43.30681818181818,100122.866776,100122.866776,43175.18410895994,43175.18410895994,317280.9027,317280.9027,8.43708,67.27272727272727,54.54545454545454,75.19242999999999,72.64388000000001,236.97915,21.49764,15.30764,212.0,319.375,85.0,170.0,182.75,245.625,1460.0,253.125,696.25,998.75,11714.441799999999,83789.68,57807.50389467007
2016-12-01,61.9523,7.68264,23.89406,82.17088000000001,90.379,18.91751,8.93773,8.90308,7.503319999999999,32.11647,95.32419,800.2770599999999,345.8390515716199,373.3564371298564,48.2257,769.0,51.48094346686634,12.454545454545451,430.186,90.49245,157.37789999999998,140198.0549,140198.0549,43.2,107000.29542200001,107000.295422,44106.72527017785,44106.72527017785,307581.81157833355,307581.81157833355,8.61153,68.18181818181817,50.90909090909091,111.04792,82.56303999999999,214.39178,20.36392,15.33966,215.66666666666663,310.0,85.0,214.2,186.5,245.0,1805.0,307.3,834.0,1123.0,11306.294750000001,83635.605,57309.31892666413
2017-01-01,59.8827,7.57698,25.43596,75.42269,94.36275,19.00846,7.925557443636363,10.143936363636364,7.436063636363635,28.64451074,98.29215,771.837462,364.71061580603737,374.73911496976586,46.0964,761.67,49.56371884731582,8.57090909090909,447.21663,80.87679,141.53438249999996,130604.1687,130604.1687,41.60606363636363,108905.07352800001,108905.073528,43520.41574649007,43520.41574649007,297171.8909300002,297171.8909300002,8.306972727272727,57.27272727272727,45.45454545454545,123.13738,119.00087,189.64274,23.7278,15.19034,241.75,319.375,85.0,268.3333333333333,199.625,245.0,2015.0,331.5,937.5,1145.0,11058.538208999998,62876.835,55345.93018950167
2017-02-01,58.3822,7.80555,25.53367,72.73382000000001,98.9381,18.54279,7.860563647272726,9.758181818181818,7.337572727272726,28.51358758181818,94.72748,742.95694,371.3795973257936,391.87200893422994,41.6795,746.25,47.65047641180572,8.57090909090909,411.9886,87.06532000000001,152.36431,117640.133,117640.133,40.0,98563.74914999999,98563.74915,41286.946786781366,41286.946786781366,287827.6516283331,287827.6516283331,8.204845454545453,59.090909090909086,54.54545454545454,113.65629,145.65228,190.872,21.0769,15.14427,249.375,358.0,85.0,301.875,207.875,246.0,2178.0,392.375,1015.0,1322.5,11048.83135,58382.2,51282.405914704046
2017-03-01,57.8454,7.54571,25.48614,71.61536,98.73904,18.37985,7.84590909090909,9.563999999999998,7.162727272727272,29.300032497272724,94.14743,723.335822,356.8842077415301,380.2191704094016,41.047700000000006,713.0,44.87808505693702,8.57090909090909,422.85883,93.19404,163.08956999999998,118640.9154,118640.9154,37.67272727272727,89220.16650600001,89220.16650600001,38391.86110702843,38391.86110702843,285535.9814350002,285535.9814350002,8.181818181818182,52.72727272727272,51.81818181818181,106.61773,147.19754999999998,187.43417,24.35403,14.92578,232.5,375.0,85.0,318.0,203.5,247.2,2240.0,370.6,820.0,1207.5,11019.5487,60159.216,49109.85072257885
2017-04-01,56.4914,7.54216,25.19661,68.76919000000001,96.90837,17.27121,7.706045727272726,9.262954545454544,6.927045454545454,29.671021756363636,98.60968,695.337148,342.6313265761669,393.1492227135458,40.2449,695.0,42.04613060655357,8.57090909090909,430.61917,92.66251,162.1593925,109649.80739999999,109649.8074,35.29545454545455,89805.508408,89805.508408,35229.775315845036,35229.77531584504,270402.2060016665,270402.2060016665,7.962045454545454,49.090909090909086,48.18181818181818,93.3209,136.82398999999998,185.78262,23.39317,14.54531,199.0,355.0,85.0,309.375,177.375,248.25,1830.0,304.625,813.75,1187.5,10549.76895,53666.83,47498.980692669335
2017-05-01,57.0921,7.38252,24.54002,68.19967,97.8549,16.29784,7.72181109090909,8.989545454545453,7.257727272727272,29.98654897454545,101.51945,714.076418,341.03297563341545,387.83159141107086,32.6918,705.5,43.52167092726005,8.57090909090909,433.76004,93.18285,163.06998750000002,111957.6081,111957.6081,36.53409090909091,98157.876609,98157.876609,37408.441229386815,37408.441229386815,265018.19782750023,265018.19782750023,7.986818181818181,51.81818181818181,46.36363636363636,69.27678,106.6561,181.70628,20.381310000000003,14.29189,180.125,343.75,83.75,297.5,164.25,249.0,1550.0,274.375,748.75,1132.5,10533.49245,54237.495,48193.75997745074
2017-06-01,58.0773,7.133850000000001,23.70623,66.81539,100.13122,16.925060000000002,7.7247385309090895,9.06090909090909,7.483863636363636,36.60197330363636,98.9139,704.817014,330.38465142170566,388.1392557849625,30.9063,711.4,45.18673018824076,8.57090909090909,427.09783,81.13347,141.9835725,112147.2663,112147.2663,37.93181818181818,108590.612448,108590.612448,36066.1275131611,36066.1275131611,265518.2841174998,265518.2841174998,7.99141818181818,56.36363636363636,47.27272727272727,54.57878,76.49311,181.95929,19.93467,14.14802,187.5,342.5,82.5,244.5,161.2,250.0,1560.0,264.2,747.0,956.25,10604.91498,56915.754,47698.87757777432
2017-07-01,59.6802,6.67729,23.34937,66.09274,99.41489,17.67811,7.668006363636363,9.112045454545454,7.490454545454545,37.426186674545455,97.05857,738.768162,357.23694725993045,308.9051310149765,29.0526,725.25,46.86532651638392,8.57090909090909,422.10463,92.40599,161.7104825,114168.2226,114168.2226,39.340909090909086,98117.23281,98117.23281,36841.0037299515,36841.0037299515,272399.3315300002,272399.3315300002,7.902272727272727,57.27272727272727,45.45454545454545,49.36286,61.84417,188.32086,20.67295,14.18436,187.5,338.75,82.5,201.25,162.75,249.875,1638.0,258.75,726.25,962.5,11652.55905,61172.205,50385.71012645297
2017-08-01,59.4427,6.85776,23.39862,65.63865,98.36008,17.717290000000002,7.21269109090909,8.493863636363637,5.947499999999999,26.4215245,97.63819,746.7047939999999,329.59098750530484,386.515080909851,27.3193,740.75,48.30025563560307,8.57090909090909,424.12957,87.05237,152.3416475,116686.02010000001,116686.0201,40.54545454545455,109671.7815,109671.7815,36949.04200348641,36949.04200348641,267720.0136833332,267720.0136833332,7.186818181818181,59.99999999999999,45.45454545454545,46.50806,46.68722,181.31043,20.32937,14.23585,200.125,323.75,80.5,187.5,173.3,250.125,1715.0,258.5,766.25,1208.75,11130.645575,62712.048500000004,51944.133173920905
2017-09-01,57.6781,7.01636,23.59131,65.8712,98.59861,17.466939999999997,6.5228913454545445,8.175090909090908,5.118909090909091,23.135296243636365,99.68238,755.6555511999999,336.4363387842613,411.0657251192394,30.1916,747.0,48.37245693702067,8.57090909090909,428.49303,80.50266,140.879655,114779.419,114779.419,40.60606363636363,92339.754195,92339.754195,38164.4934532925,38164.4934532925,256416.64526499997,256416.645265,6.10290909090909,62.72727272727272,45.45454545454545,40.55421,42.93961,188.30508,20.43122,13.73289,236.5,331.375,77.5,207.0,216.5,255.0,1740.0,265.7,791.0,1322.5,10739.66222,61138.786,51209.50302957594
2017-10-01,57.7526,6.53098,24.19435,65.10789,98.96656,15.79767,6.708054818181818,8.111590909090909,5.33590909090909,21.699483512727276,95.39799,745.2818120000001,351.5800876537662,380.6599183413387,34.4534,744.25,47.108993725307926,8.57090909090909,429.10034,94.26036,164.95563,120471.92360000001,120471.9236,39.54545454545455,85749.327902,85749.327902,38491.39975281762,38491.39975281762,262416.26388000004,262416.26388000004,6.393863636363636,66.36363636363636,47.27272727272727,69.74849,71.11391,189.86049,19.13963,13.10369,262.75,341.25,77.5,228.5,238.375,257.5,2003.0,252.625,790.0,1278.75,11139.321488,64971.675,51476.54027693769
2017-11-01,58.9726,6.097390000000001,24.77277,65.44312000000001,98.0727,15.44929,6.809444909090908,8.231136363636363,5.635681818181818,22.178,92.48779,760.8248601904761,352.0608097734042,338.3586614800772,35.5955,737.5,47.59632814315593,8.57090909090909,410.87931,93.37017,163.3977975,125139.8572,125139.8572,39.954545454545446,91662.291632,91662.291632,38749.418049979555,38749.41804997956,272402.3024133331,272402.3024133331,6.553181818181818,68.18181818181817,40.0,81.82212,74.86292999999999,192.68547,17.91641,12.81913,261.625,366.25,77.5,280.625,223.1,258.75,2065.0,280.625,845.0,1283.75,11286.176188,74600.33899999999,56578.71989777683
2017-12-01,58.5657,6.28864,24.98449,64.55916,92.17027,15.23948,6.727349309090909,8.326,5.919999999999999,22.60228656,89.9704,730.5669756000001,355.759850526629,352.783967407544,37.9662,732.0,47.70462468045538,8.57090909090909,411.87113,89.17165,156.05038749999997,111626.2242,111626.2242,40.04545454545455,84958.91836200001,84958.91836200001,34725.167576345935,34725.167576345935,272108.9314350002,272108.9314350002,6.424181818181818,70.9090909090909,36.36363636363636,126.52413,95.44677,191.10623,18.81605,12.56848,217.83333333333331,377.1666666666667,77.5,311.0,200.83333333333331,260.0,2035.0,319.1,884.0,1345.0,11174.335560000001,72621.468,51960.59244567643
2018-01-01,56.6235,6.34186,24.84408,65.3306,99.26879,16.58104,6.793147283636363,8.313027272727272,6.113336363636363,23.656213856363635,89.35709,726.6637483809523,536.2373637029918,346.892897825108,38.9652,731.75,47.21818181818181,7.929999999999999,418.85036,84.72773,148.2735275,109906.2135,109906.2135,38.75757272727272,78925.23171,78925.23171,35881.70200536852,35881.70200536852,263765.9470125002,263765.9470125002,6.527572727272727,64.54545454545455,39.090909090909086,110.03372,126.72062,195.01159,19.78842,12.50986,226.625,387.25,77.5,317.0,192.5,258.125,2020.0,357.25,925.0,1378.75,10921.54068,64550.79,48101.41555911587
2018-02-01,56.8489,6.6585,24.36706,65.70122,99.80614,16.640189999999997,6.841554181818181,8.280299999999999,6.651209090909091,24.44901371636363,86.53686,709.3770964210527,509.3246387273184,339.6494918986999,38.0181,739.5,46.97272727272727,9.41090909090909,418.09286,86.0745,150.630375,119439.5389,119439.5389,38.81818181818181,70734.243825,70734.243825,36548.68483233331,36548.68483233331,263605.0331141669,263605.0331141669,6.603636363636363,59.99999999999999,39.090909090909086,130.28196,116.97509,197.09277,19.668560000000003,12.40852,234.5,406.5,80.5,293.75,191.875,260.0,2058.0,333.125,906.25,1285.0,11327.143325000001,64807.746,47074.37291196178
2018-03-01,57.1448,6.778479999999999,23.73688,64.62384,96.49306,17.3065,7.076675054545453,8.357818181818182,7.079818181818181,25.606831319999998,85.14386999999999,702.17147,494.7559055719378,365.897859472778,42.0814,738.2,46.29090909090909,11.74181818181818,418.03813,91.67853,160.43742749999998,143204.8688,143204.8688,38.43181818181818,63923.887624,63923.887624,35673.033291602864,35673.033291602864,270607.2955733335,270607.2955733335,6.973090909090908,64.54545454545455,38.18181818181818,102.27026,132.65647,196.94334,19.78368,12.165299999999998,232.875,400.75,81.5,254.0,185.7,272.5,2145.0,315.3,850.0,1328.0,11874.68944,71431.0,45818.87414249752
2018-04-01,60.8577,7.074319999999999,23.0427,63.5069,98.22588,17.98627,7.809026818181818,8.985681818181819,8.267727272727273,28.234859349090904,91.40066,691.14837,504.1567161068884,352.0852743366903,43.1476,748.8,46.48181818181818,14.529090909090908,414.72541,101.51134,177.644845,162307.4859,162307.4859,41.40909090909091,68841.013086,68841.013086,37596.87196234893,37596.87196234893,294314.93726500025,294314.93726500025,8.123863636363636,65.45454545454545,36.36363636363636,81.13417999999999,139.29061,195.4149,21.11766,12.25628,227.125,397.875,81.5,223.125,165.375,282.5,2205.0,318.0,842.5,1336.25,12883.57509,73029.24,48157.04766182959
2018-05-01,62.3484,7.72841,22.1227,65.16062000000001,97.49956,19.08607,8.565619636363635,10.092954545454544,8.975454545454545,30.84769935,96.28865,683.4322,532.1999952174904,359.6627980830302,36.7244,746.25,48.018181818181816,15.938181818181816,441.70844,96.43509,168.7614075,168215.9832,168215.9832,43.15909090909091,64078.5681,64078.5681,37808.167493020235,37808.16749302024,305561.71485,305561.71485,9.312727272727273,63.63636363636363,37.27272727272727,72.61443,107.47654,195.82441,17.127470000000002,12.78919,218.25,396.875,81.5,221.0,156.8,287.875,2038.0,328.625,860.0,1267.5,13186.686599999999,74818.08,50499.24942551874
2018-06-01,62.8213,8.25628,21.63094,67.63719,100.40902,20.44956,8.619077236363635,10.284363636363636,9.062545454545454,29.825896509090917,98.30958,663.06702275,564.3714067449329,380.37098882067073,33.020900000000005,728.2,49.40909090909091,16.259090909090908,431.36667,113.47492,198.58111,152153.1886,152153.1886,42.76363636363636,58498.56634700001,58498.56634700001,36870.58988498372,36870.58988498372,309508.50435083313,309508.5043508332,9.396727272727272,62.72727272727272,37.27272727272727,50.084300000000006,77.11641,195.14974,20.45243,13.4161,242.5,409.125,81.5,240.4,178.125,288.5,2118.0,376.2,837.0,1376.25,12752.7239,74443.2405,52213.34008143956
2018-07-01,62.8276,7.56531,21.42794,72.35203999999999,100.58229,20.10683,8.196652272727272,9.710227272727272,7.581363636363636,27.676827636363637,100.80697,624.1594165714286,553.4626067640221,413.9518300874138,31.6303,719.6,49.27272727272727,15.27090909090909,418.34667,88.84808,155.48414000000002,148775.7568,148775.7568,43.29545454545455,57565.788499999995,57565.7885,33806.142493844294,33806.142493844294,309213.36328666686,309213.36328666686,8.732954545454545,69.09090909090908,37.27272727272727,39.65561,52.24145,215.7624,21.39841,13.82145,257.25,421.25,81.5,259.5,207.5,290.0,2125.0,344.0,843.75,1390.0,12955.051119999998,76963.81,52919.146091715
2018-08-01,66.4554,7.840020000000001,21.43083,73.95111999999999,98.94618,20.7039,8.500706836363635,10.971272727272726,8.841818181818182,25.86126459999999,106.02068,623.0543679130433,554.0284434098933,396.6187849294414,31.0828,696.25,49.99999999999999,13.70363636363636,441.41802,78.97017,138.19779749999998,145205.049,145205.049,44.090909090909086,60821.311188,60821.311188,35504.35055742572,35504.35055742572,330810.55083999975,330810.55083999975,9.210727272727272,70.9090909090909,37.27272727272727,34.49127,43.6997,215.93173,21.575080000000003,14.24721,258.0,430.0,81.5,302.2,217.5,291.0,2140.0,355.3,887.0,1383.75,15268.128149999999,84730.635,56721.67418144268
2018-09-01,67.6286,8.32598,21.87903,74.51127000000001,101.24042,20.02605,8.939649272727271,11.353636363636362,9.918636363636365,30.090795456363637,113.50703,616.19129,552.4827715439379,407.1576226626013,37.674,675.6,51.7,13.347272727272726,420.31626,92.07898,161.138215,151420.43540000002,151420.43540000002,43.37272727272728,60671.645918,60671.645918,35485.512238582014,35485.512238582014,336060.6026916665,336060.6026916665,9.900454545454544,72.72727272727272,38.18181818181818,34.80962,44.263940000000005,218.27353,20.84522,14.93784,273.25,433.625,81.5,331.875,217.5,295.625,2155.0,368.125,862.5,1293.75,14861.384850000002,94680.04000000001,56962.2941017182
2018-10-01,65.85,9.20419,22.52465,77.21378,100.65428,18.57564,9.217351090909087,11.409545454545452,10.335681818181818,33.132,110.52562,637.576104,519.776351211431,399.39848139711467,42.4857,665.4,51.79999999999999,12.852727272727272,440.79685,93.41084,163.46897,140853.15,140853.15,40.29545454545455,54747.0315,54747.0315,33371.541964812204,33371.541964812204,325006.51624999975,325006.5162499997,10.33681818181818,81.81818181818181,43.63636363636363,49.08751,56.5356,221.82479,21.64687,15.33602,301.5,432.5,81.5,340.625,196.875,303.75,2220.0,365.625,826.25,1110.0,15026.969999999998,95482.49999999999,57385.10471760001
2018-11-01,66.5535,8.99835,23.49426,81.02196,100.04217,17.799619999999997,9.508648727272726,11.697818181818182,10.664181818181818,33.74104129636363,108.31424,610.459278,497.8906238794899,330.2508508192657,43.0362,636.75,50.65454545454545,12.465454545454543,451.01902,93.36836,163.39463,145619.058,145619.058,38.704545454545446,50531.41041,50531.41041,29572.282278676135,29572.28227867613,328573.5202749998,328573.5202749998,10.794545454545457,81.8181818181818,42.72727272727273,70.07921,67.92235000000001,224.74861,20.71905,15.73661,298.0,421.25,88.6,327.5,189.5,310.0,2115.0,334.3,696.0,977.5,14907.984,99830.25,57356.5942268865
2018-12-01,67.5835,9.37409,24.44417,83.38466,101.2849,17.354020000000002,9.94845898181818,12.256,11.25181818181818,33.706079170909085,106.61961,621.923302,481.5591756191163,363.11910451515536,49.7218,628.2,51.127272727272725,12.33090909090909,455.77954,93.5075,163.638125,150846.372,150846.372,38.52272727272727,53814.713545,53814.713545,31279.34665790645,31279.346657906448,332454.50041666685,332454.50041666685,11.485636363636363,88.18181818181817,45.45454545454545,116.71304,88.63788000000001,225.65918,20.32661,16.25499,279.1666666666667,410.1666666666667,90.0,302.5,182.5,310.0,1830.0,289.3333333333333,606.6666666666666,880.0,15760.4722,104754.425,55962.476084232
2019-01-01,66.7722,9.71421,24.73348,82.34957,102.94648,18.78,10.458620363636362,12.913181818181815,11.737272727272726,33.20485719999999,99.40312,558.2072669872682,513.9591299699848,439.0776673253512,49.647200000000005,635.25,50.68181818181818,12.272727272727272,463.117590594,94.15437,164.77014749999998,153843.1488,153843.1488,38.60606063636363,51619.584654,51619.584654,34653.58053973034,34653.58053973034,320866.0170099997,320866.0170099997,12.287272727272724,86.36363636363636,47.27272727272727,120.27748,124.62414,222.31863,23.909090909090907,16.98745,270.875,407.75,90.0,263.3333333333333,185.5,309.125,1575.0,275.75,577.5,927.5,16150.859735999999,93481.08,56257.04214662399
2019-02-01,65.8334,10.49453,25.03267,78.33865,96.42919,19.493863636363635,10.789357443636364,13.645454545454545,12.52151818181818,31.51877890909091,94.0744,573.762364889665,523.0144300889546,445.3390196797039,44.5857,653.0,49.86363636363636,12.59090909090909,458.717973483357,90.71613,158.7532275,148125.15,148125.15,39.40909090909091,46770.022361999996,46770.022362,34385.09961758282,34385.09961758282,314787.88821666647,314787.88821666647,12.806972727272727,97.27272727272728,51.81818181818181,149.24902,139.93482,216.50745,24.26136363636364,18.03582,240.83333333333331,398.3333333333333,90.0,271.875,185.0,306.8333333333333,1635.0,276.5,615.0,1151.6666666666667,15668.349199999999,90520.925,55635.507719697605
2019-03-01,65.1589,11.36664,25.0275,74.9,102.23401,19.53909090909091,10.581850545454545,13.29781818181818,12.252181818181816,30.839385239090905,94.1914,575.6556803305597,509.9421986447397,435.5785346563275,43.4999,648.25,48.43636363636363,12.527272727272726,458.855588875402,94.89412,166.06471,143414.7389,143414.7389,38.74545454545454,44214.223183999995,44214.223184,32102.1510106016,32102.1510106016,308296.62039583316,308296.6203958332,12.48090909090909,97.27272727272728,53.63636363636363,110.46089,140.41347,222.86585,24.33636363636364,18.22133,223.625,379.5,90.0,265.0,182.375,306.25,1745.0,282.0,615.0,1066.25,14693.33195,97738.35,52906.253572057096
2019-04-01,64.5456,11.2552,24.74713,72.03922999999999,102.50476,18.876363636363635,10.639994363636362,13.116590909090908,12.292954545454544,29.40299636181818,96.75107,569.3649141072359,470.9496429303821,419.0131402520783,44.0688,647.8,46.97272727272727,11.41931818181818,456.9742809610128,96.25782,168.451185,153360.34559999997,153360.34559999997,38.04545454545455,43157.12452799999,43157.12452799999,32480.733742244538,32480.73374224454,301545.2098400002,301545.2098400002,12.572272727272724,92.72727272727272,55.45454545454545,90.84324,149.91123000000002,222.32251,23.727272727272723,17.94744,229.75,372.5,90.0,245.625,172.5,303.75,1765.0,271.875,620.0,998.75,14290.39584,100045.68,52143.47884616639
2019-05-01,64.9145,10.55726,24.54243,72.36578,103.03662,18.865681818181816,10.618298909090909,12.900681818181818,12.326363636363636,26.917743245454545,99.01657,558.0767429044778,447.2666493478485,398.3386538516748,38.0898,660.5,46.090909090909086,10.81931818181818,459.1220600815295,103.83609,181.7131575,153912.2795,153912.2795,38.72727272727272,42919.519965,42919.519965,30655.45311375953,30655.45311375953,301821.5906125,301821.5906125,12.538181818181815,100.0,58.18181818181818,78.90327,114.75377,216.58563,23.63636363636364,17.90736,251.0,375.5,90.0,214.5,199.3,299.0,1750.0,264.5,610.0,958.75,12447.355375000001,103863.20000000001,53260.681803588
2019-06-01,64.0735,10.7273,24.257720000000003,72.92629,107.25574,18.897727272727277,10.466286090909088,12.72181818181818,11.941590909090907,24.45625621818182,97.10914,567.8847516736815,445.15637935694593,375.1018893784624,32.8897,670.0,46.07272727272727,11.461363636363636,458.7088502274562,109.52451,191.6678925,159158.574,159158.574,39.43181818181818,40725.1166,40725.1166,30429.03311375038,30429.03311375038,295147.10250833305,295147.10250833305,12.29931818181818,100.0,57.27272727272727,55.88879,72.56388000000001,217.1531,21.61212121212121,17.75435,259.875,342.5,82.5,202.25,212.5,300.0,1485.0,244.25,613.75,793.75,12526.36925,104439.805,54170.884190319994
2019-07-01,63.2298,11.59501,24.14231,74.5162,107.96786,18.778181818181817,8.569814090909091,9.9125,8.8125,24.60433249272727,99.73302,576.1811389853863,431.3271158967334,352.9693565088268,34.6022,688.8,46.76363636363636,12.62840909090909,459.44278438782015,106.44144,186.27252,156114.3762,156114.3762,39.55681818181818,41561.579838,41561.579838,29486.554528259465,29486.55452825946,287188.17085500003,287188.17085500003,9.31931818181818,93.63636363636364,53.63636363636363,48.04247,71.90125,212.455,21.670454545454543,17.83015,264.5,330.875,75.0,204.125,210.625,303.5,1473.0,215.625,680.0,811.25,12228.64332,106226.064,53584.48059699719
2019-08-01,65.8441,10.59712,24.36015,75.55568,108.51142,18.972181818181816,8.607708818181818,10.017045454545451,9.145681818181815,21.926250970909088,98.83936,562.4856841594559,425.9372448777422,336.46971337668,38.9879,705.6,48.345454545454544,13.636363636363637,455.26185504989104,99.48197,174.0934475,144641.5302181818,144641.5302181818,42.46363636363636,47360.344247999994,47360.344248,33490.988793645476,33490.98879364548,297778.2961475,297778.2961475,9.378863636363636,97.27272727272728,52.72727272727272,42.5845,52.161550000000005,225.69929,22.954545454545453,17.26417,241.75,315.0,75.0,213.3,188.9,295.0,1500.0,212.0,652.0,904.0,12536.71664,108642.765,57188.915837058594
2019-09-01,64.9339,10.96564,24.70649,78.08627,106.31607,17.855227272727273,8.914771818181816,10.420681818181816,9.684772727272726,20.52088332454545,94.16166,591.5106117003739,430.50772330855614,320.43074852762857,40.1874,696.2,49.1,12.28181818181818,456.9463239135756,108.63515,190.1115125,152393.36990999998,152393.36990999998,40.81818181818181,47014.09161699999,47014.09161699999,32920.692582324926,32920.692582324926,295049.3603991668,295049.3603991668,9.861363636363636,98.18181818181816,54.54545454545454,46.22173,42.76548,221.15138,23.943181818181817,16.92104,235.375,304.375,75.0,221.5,179.5,291.0,1425.0,213.5,715.0,865.0,12090.692179999998,107140.935,58430.702383744
2019-10-01,64.3204,9.53108,25.287470000000003,76.0442,106.9493,16.257272727272728,8.95917518181818,10.641590909090908,9.763863636363636,18.690331570909088,91.1974,574.5384894146405,416.946751235717,323.8404216165548,41.5342,673.25,48.781818181818174,9.93181818181818,454.7986761911818,104.36605,182.6405875,158605.71678260868,158605.71678260868,39.06818181818181,46279.814208,46279.814208,33681.0310484834,33681.0310484834,286026.38676,286026.38676,9.931136363636362,107.27272727272728,56.36363636363636,57.63989,66.0252,224.49637,23.659090909090907,16.71538,230.75,290.5,75.0,229.25,173.6,287.125,1455.0,203.75,680.0,746.25,13065.402852000001,106128.66,56503.28347727362
2019-11-01,63.8751,9.02404,25.79705,75.63001,107.85435,15.767454545454545,9.26889949090909,11.071636363636362,10.289636363636363,16.917016276363636,88.92436000000001,569.5774751322217,421.9883092871158,328.6242853773863,44.2606,677.5,47.89999999999999,9.15568181818182,456.1175923521363,109.20822,191.114385,167026.99899000002,167026.99899000002,38.74545454545454,53418.107379,53418.107379,39172.43136196959,39172.43136196959,275739.7577274998,275739.7577274998,10.417818181818182,104.54545454545452,52.72727272727272,49.57402,86.52738000000001,215.09131,23.36363636363636,16.70067,215.5,276.75,72.5,226.0,181.0,280.0,1375.0,207.0,652.0,796.25,13222.145700000001,104116.413,57821.29402630711
2019-12-01,62.8616,9.04954,26.21034,74.43368,109.00318,17.314242424242423,9.539311636363635,11.554545454545456,10.691363636363636,18.694964396363638,84.82556,588.5946269264542,439.8792768799259,336.4775180955488,47.4048,724.2,47.9727272727273,9.627272727272729,455.93514531519537,110.86076,194.00633,160446.75047619044,160446.75047619044,40.63636363636363,64828.539464,64828.539464,43097.61885240726,43097.61885240726,271338.4294733336,271338.4294733336,10.842727272727272,105.45454545454544,53.63636363636363,112.3824,103.98905,219.74463,23.3030303030303,16.902540000000002,207.5,257.8333333333333,72.5,217.625,184.0,269.0,1240.0,206.0,728.75,747.5,13439.810080000001,106864.72,58862.8379686672
2020-01-01,61.9451,8.94406,26.38253,74.04125,106.6182,18.33969696969697,11.143063333467255,11.825154545454543,11.0203,18.394084938181816,82.27098,598.7706709797723,425.5968004513087,352.70723347746383,44.2573,767.0,48.54224598930481,10.26060606060606,456.16311288785295,132.39078,231.683865,165231.17983333336,165231.17983333336,41.54545454545455,62175.535771999996,62175.535772,45018.110942224404,45018.1109422244,273799.40683666646,273799.40683666646,11.210609090909092,101.8181818181818,53.63636363636363,105.86091,120.5201,229.91399,23.454545454545453,16.91588,211.6,266.7,72.5,220.5,185.7,264.3,1305.0,233.2,732.0,805.0,13999.5926,99112.15999999999,59156.8529279616
2020-02-01,64.1043,9.28158,26.435740000000003,72.52983,107.52937,18.75363636363636,11.537672549554411,12.213936363636364,11.52151818181818,18.720786665454543,81.01464999999999,589.9476605809879,439.6244586060246,358.6130160322531,38.5966,701.25,48.16515151515151,11.005681818181818,456.07188026527535,130.9511,229.164425,184087.3061368421,184087.3061368421,40.25,54111.72171599999,54111.72171599999,41162.93243837393,41162.93243837393,284105.4497775,284105.4497775,11.607572727272723,95.45454545454544,51.81818181818181,137.15485,136.34885999999997,232.26379,24.36363636363636,17.09656,215.5,296.0,72.5,220.875,188.25,253.75,1375.0,246.25,663.75,732.5,14118.972075,84938.1975,58430.477254476595
2020-03-01,74.6179,9.51831,26.3598,71.04963000000001,109.73482,19.608181818181816,11.739090199053956,12.292954545454544,11.6125,22.944325905454544,86.01703,513.2207492499057,418.8003146698043,322.5523878075075,40.7422,633.1667,50.02424242424242,11.782954545454544,457.48570309409774,96.37921,168.66361750000002,183549.85883181816,183549.85883181816,42.125,62508.907188000005,62508.907188000005,41582.11510344084,41582.11510344084,327652.7952425,327652.7952425,11.820454545454544,93.63636363636364,50.90909090909091,91.98155,149.70927,227.0227,25.454545454545453,17.10949,227.625,300.25,72.5,222.5,189.75,250.0,1285.0,192.25,491.25,605.0,15688.413475000001,108195.955,61729.0765597506
2020-04-01,75.0226,10.08645,26.13664,75.09075999999999,111.22235,21.625,13.038376181541375,13.626545454545454,12.838545454545454,22.666373530909084,87.2537,571.0400478110474,468.6466599276872,373.5238084620804,47.5719,675.8,57.17199017199016,13.864999999999998,458.5379202112142,84.49039,147.8581825,174277.49979999996,174277.49979999996,47.14545454545454,62607.109926,62607.109926,38924.52895695627,38924.52895695627,325144.19726999995,325144.19726999995,13.120181818181818,84.54545454545453,50.90909090909091,68.11013,127.45464,215.21528,26.68181818181818,18.49129,216.75,295.375,73.5,218.16666666666663,174.7,248.375,935.0,151.25,343.75,393.75,17075.14376,86275.98999999999,57382.7377977714
2020-05-01,72.5482,10.4966,25.83626,73.12986,109.96821,24.38672727272727,13.921119754617822,14.461590909090908,13.333863636363636,23.280717379999995,86.79015,605.4908698943974,485.5705962004947,410.8867057913348,44.3865,697.4,58.089920948616594,15.276363636363635,458.9047505473832,97.11713,169.9549775,174913.71019999994,174913.71019999994,49.65909090909091,60384.043306,60384.043306,36175.71525602339,36175.71525602339,317857.24236499995,317857.24236499995,14.000227272727273,81.81818181818181,50.90909090909091,69.68097,104.14972,219.91602,27.709090909090907,19.3015,201.75,282.375,77.5,199.6,140.0,243.5,955.0,148.4,381.0,603.75,15815.507599999999,79803.01999999999,57780.532750337596
2020-06-01,69.3019,11.4491,25.33315,73.37288000000001,110.83027,25.60681818181818,14.15170501767732,14.717272727272729,13.702727272727271,24.042089144545454,88.32457000000001,652.2843595131656,485.35990552010304,429.2811596796047,38.8971,757.0,56.73636363636363,16.802954545454543,459.9143409985874,103.61715,181.3300125,166378.11146818183,166378.11146818183,50.68181818181818,63506.875122000005,63506.875122000005,39722.72527249786,39722.72527249786,304897.7516608331,304897.7516608331,14.227272727272728,74.54545454545453,51.81818181818181,60.08796,93.08508,214.538,28.136363636363637,19.31325,208.5,286.25,77.5,180.875,137.5,238.0,1060.0,152.5,430.0,813.75,13915.821520000001,81429.7325,58514.2790642098
2020-07-01,71.5962,11.83146,24.82215,74.56007000000001,121.08871,25.66590909090909,11.079812373480667,11.695154545454544,11.972363636363635,26.42029954909091,96.32147,650.364633369318,492.6620026304088,437.5549641918527,39.436,778.0,57.0,16.156363636363633,461.8459812307816,117.53228,205.68149,161276.94924545454,161276.94924545454,52.39999999999999,63599.62042199999,63599.62042199999,43709.81728020871,43709.81728020871,313692.18731499976,313692.18731499976,11.157881818181815,68.18181818181817,52.72727272727272,47.96728,66.20039,216.71566,26.727272727272723,19.21789,215.7,312.1,77.5,180.5,158.4,236.6,1110.0,168.4,427.0,818.75,14677.221,80545.72499999999,63757.2261394068
2020-08-01,73.8005,12.03217,24.80551,74.5368,114.54495,23.09090909090909,11.518617866475978,12.106590909090908,11.30840909090909,27.626881718181817,101.68803,681.8135624851026,507.3567498618819,436.065042673399,39.6311,793.0,57.845454545454544,14.747727272727271,461.33795065142766,118.6509,207.639075,184951.08161904765,184951.08161904765,55.29545454545455,72420.43065,72420.43065,49812.561322219306,49812.561322219306,321113.9705541664,321113.9705541664,11.599090909090908,68.1818181818182,47.27272727272727,41.45691,51.0048,216.82627,27.98863636363636,18.98614,245.25,319.75,77.5,179.5,165.5,235.0,1005.0,189.25,441.25,731.25,15018.401749999999,83025.5625,68508.138470135
2020-09-01,76.0856,11.29587,25.26914,73.55047,114.55322,29.620909090909088,12.271126163172076,12.899545454545454,11.792272727272726,33.077868756363635,101.91242,738.7014816804422,506.3077280421956,415.2022076570217,40.0561,910.1667,63.63636363636363,15.183636363636362,462.4912955280563,110.22491,192.8935925,200079.7661333333,200079.7661333333,65.68181818181817,78686.205808,78686.205808,53809.56459864273,53809.56459864273,320937.3034066664,320937.3034066664,12.354090909090909,65.5,48.2,42.85796,51.79931,215.58663,30.625,18.76946,238.5,332.0,77.5,191.66666666666663,166.5,235.0,1035.0,208.5,435.0,812.5,17134.47712,94346.144,71815.6294114416
2020-10-01,77.6324,11.44637,25.80616,73.97239,111.81438,30.942363636363638,14.302621330148057,15.020545454545452,13.967454545454544,39.44996268363636,101.10436,785.285993523791,541.8309412518015,434.33130778105294,44.4086,949.5,78.18181818181817,16.258181818181818,461.3350672892361,100.67629,176.1835075,188106.83394545456,188106.83394545456,69.72727272727272,86820.970864,86820.970864,56767.79537435941,56767.79537435941,329386.50996,329386.50996,14.387272727272729,65.5,45.4,48.36068,61.5926,213.01209,33.11818181818182,19.18897,235.125,334.875,79.9,204.4,170.5,236.25,1123.0,234.8,426.0,830.0,19272.243300000002,102862.93000000001,72403.13222995722
2020-11-01,76.7441,12.23778,26.322,73.4625,110.03226,37.97954545454545,15.731771762414532,16.33113636363636,15.323181818181816,37.685539141818175,96.40417,883.1001636963266,596.877390989251,510.5515366238991,48.87350000000001,1055.0,81.81818181818181,18.835227272727277,462.02706989017,105.15074,184.013795,201437.91368000003,201437.91368,78.27272727272727,105058.835695,105058.835695,64634.04874480985,64634.04874480985,324485.566415,324485.566415,15.815454545454545,81.81818181818181,49.99999999999999,62.65012,80.25562,212.94426,36.090909090909086,20.48188,234.0,340.625,82.25,207.125,169.5,235.0,1210.0,268.5,538.75,876.25,19454.62935,107441.74,80367.909588099
2020-12-01,74.0631,13.09144,27.12193,78.31363636363636,113.02009,36.26363636363636,14.866513342139918,15.493181818181816,14.746363636363636,34.83052932818181,96.45809,983.4979779527064,613.420423690315,552.6614222442508,55.4328,1131.75,90.9090909090909,20.58181818181818,461.4264346993128,104.69832,183.22206,197748.47700000004,197748.47700000004,78.33333336363636,108499.81742776575,108499.81742776577,67413.09560718882,67413.09560718882,311533.4691075,311533.4691075,14.947272727272724,70.0,56.36363636363636,105.9087,98.0826,210.9547,37.17045454545455,21.02049,239.0,362.875,83.0,215.25,167.5,235.0,1380.0,335.5,623.75,983.75,18937.934670000002,88875.72,81439.73017549531
2021-01-01,74.4007,13.41406,27.29634,78.83914,115.10153,39.36969696969696,14.44675430953783,15.025454545454544,14.026363636363635,34.753919710000005,97.72264,1008.0550317402927,615.4226880644777,561.6597530383287,57.4526,1259.33,86.36363636363636,20.58181818181818,462.8568566468807,85.62737,149.8478975,187783.45097368423,187783.45097368423,85.48484845454544,108853.432149,108853.432149,69650.67922747755,69650.67922747755,309313.47018,309313.47018,14.527881818181816,59.090909090909086,63.63636363636363,119.33192,130.97497,228.61647,38.0,21.18933,281.625,430.125,83.0,238.0,195.625,247.0,1560.0,394.625,629.8199999999999,988.75,21725.0044,81840.77,83650.921918839
2021-02-01,74.4129,14.64905,27.39095,80.99118,112.63008,45.09772727272727,13.50613191558716,14.226663636363636,13.39879090909091,38.16637641,100.61528,1127.920268956299,627.7931526779508,601.5269346627216,57.4895,1316.0,86.36363636363636,21.897727272727277,469.059138525949,96.38034,168.665595,191299.90002631576,191299.90002631576,91.02272727272728,107489.43405,107489.43405,72091.71792590395,72091.71792590395,311450.2320899997,311450.2320899997,13.587272727272726,63.63636363636363,59.090909090909086,147.9532,138.35130999999998,228.93482,44.54545454545455,21.06122,335.625,547.625,93.0,303.25,237.0,251.875,1560.0,407.625,659.75,898.75,21157.819857,93016.12499999999,91140.9329422575
2021-03-01,74.533,13.66343,27.39264,87.27662,115.90562,50.656818181818174,13.162819138774736,13.885681818181816,13.192954545454544,41.69985835454545,104.50234,1221.5455509030166,632.6666772375384,624.6470446891736,60.9902,1537.0,86.36363636363636,22.845454545454544,470.8415632523476,103.21575,180.6275625,192097.46552173913,192097.46552173916,103.97727272727272,114829.26645000001,114829.26645,74208.02895518471,74208.02895518472,313200.0881666669,313200.0881666669,13.244090909090907,63.63636363636363,59.090909090909086,91.86528,142.6709,228.8285,48.840909090909086,20.42771,345.0,578.0,93.0,399.75,255.625,268.75,1950.0,379.75,820.03,1120.0,20109.0034,100619.55,97004.92309899999
2021-04-01,76.059,14.20203,27.23729,92.42372,111.26317,55.53636363636363,13.563064259073462,14.074545454545454,13.383818181818182,40.85612901818182,106.58598,1347.0403956736934,644.4757598467219,661.9263275280315,67.5334,1505.0,86.36363636363636,23.20363636363636,488.6393743432863,107.59688,188.29454,182519.8688571429,182519.8688571429,107.27272727272728,126230.55876,126230.55876,78844.4695139912,78844.4695139912,320875.80772499996,320875.807725,13.646,71.81818181818181,63.63636363636363,90.86712,132.51217000000003,230.91816,50.00909090909091,20.03833,321.25,574.75,96.625,448.875,243.8,278.125,1975.0,380.0,827.5650000000002,1098.75,19128.838499999998,102679.65,99285.72210400499
2021-05-01,73.8982,13.90543,26.94476,92.73106,121.06676,54.93181818181818,14.033284060374768,14.527499999999998,13.90181818181818,40.67222567636363,111.95832,1430.100031960429,714.4349191922745,755.0313071963125,61.623000000000005,1515.0,86.36363636363636,24.509090909090908,489.2746055299326,97.33968,170.34444,179251.16883,179251.16883,108.22727272727272,126753.148568,126753.148568,81625.7301968005,81625.7301968005,308008.31341833307,308008.31341833307,14.113863636363636,64.54545454545455,65.45454545454545,80.49449,106.29332,231.53569,50.86363636363636,19.88622,333.125,598.0,107.5,436.25,216.25,285.0,2040.0,369.75,948.8,1095.625,19823.19215,96067.66,112819.47683484641
2021-06-01,72.6038,14.2128,26.74821,89.558,121.228,43.11363636363636,13.804240945823274,14.335227272727272,13.526136363636365,39.81328378181818,113.162,1261.516740045412,720.9114273758272,717.1550499861138,47.5,1183.75,86.36363636363636,25.102272727272723,496.27123238901066,111.049,194.33575,171229.46195454543,171229.46195454543,91.5909090909091,121297.71658400001,121297.716584,66855.41804060311,66855.41804060311,300504.7080733336,300504.7080733336,13.88340909090909,69.09090909090908,65.45454545454545,63.573440000000005,84.48689999999999,230.05473,46.77272727272727,19.76507,399.375,695.625,107.5,458.75,260.125,313.75,2045.0,366.25,976.375,928.75,18174.909254000002,90754.75000000001,117136.066768
2021-07-01,73.9715,13.842,26.633,89.714,123.762,35.0,12.11479504217489,12.97581818181818,11.868363636363636,37.64006154090909,114.977,1004.0722071706977,663.3390132440442,622.1683658263962,45.0,1166.25,86.36363636363636,22.50454545454545,495.77496115662166,113.959,199.42825,172427.5665,172427.5665,80.72727272727272,117177.513435,117177.513435,74672.26780443682,74672.26780443684,301664.4070083336,301664.4070083336,12.195454545454544,66.36363636363636,59.090909090909086,50.359,64.72,228.21345,42.68181818181818,20.23888,440.0,721.125,107.5,547.0,300.8,405.0,2045.0,395.4,995.25,986.25,18049.046000000002,92464.37500000001,109802.72132087502
2021-08-01,73.5972,12.64,26.72,90.926,125.613,33.78409090909091,14.612703183852124,14.946136363636365,14.448863636363637,39.34037966181818,119.961,1033.0185486305554,644.4168083469577,633.6703520835525,44.93,1266.25,86.36363636363636,18.69454545454545,494.98172121877104,112.642,197.1235,186220.98796363638,186220.9879636364,84.54545454545455,109927.721808,109927.721808,79354.09235908734,79354.09235908736,292419.46159000025,292419.46159000025,14.692954545454544,62.72727272727272,49.99999999999999,40.342,53.885,229.35532,45.89999999999999,19.80262,414.375,689.25,124.375,590.9789730202144,300.0,482.5,2070.0,459.5,1045.925,956.25,20717.6118,95676.36,109993.66489920001
2021-09-01,72.8903,12.532,27.067,93.498,125.521,36.006818181818176,15.23597399697432,15.512954545454544,15.231136363636365,41.31157148363637,123.787,1059.8117993752255,657.5884333281408,662.2654492124093,46.66,1256.25,86.36363636363636,17.857954545454543,505.7228245692184,122.854,214.9945,192610.88226666668,192610.88226666668,77.81818181818181,108242.0955,108242.0955,80565.86928041847,80565.86928041847,298064.83701749996,298064.8370175,15.315454545454545,61.81818181818181,49.090909090909086,45.901,69.148,230.03439,49.28409090909091,20.89824,428.75,661.0,130.0,590.9789730202144,307.5,537.5,2015.0,441.5,970.0650000000002,1105.0,21983.71448,98401.905,118518.3030187975
2021-10-01,71.2993,13.265,27.917,98.049,122.631,37.41454545454545,15.362072480809182,15.671090909090909,15.401090909090907,40.7319937390909,124.618,1112.0853793923516,737.7351530800441,674.2384185079976,55.79,1350.0,86.36363636363636,17.727272727272723,509.212312058746,93.021,162.78675,187703.89526190478,187703.89526190475,79.2181818181818,137098.571998,137098.571998,88287.06768994259,88287.06768994262,302433.536376331,302433.536376331,15.43981818181818,68.18181818181817,54.54545454545454,78.981,110.341,238.57275,51.46363636363636,21.76103,708.75,735.625,130.0,670.9789730202144,537.875,590.0,2125.0,506.7,980.875,1167.5,22174.082300000002,101601.5025,126727.9149853066
2021-11-01,72.9476,13.761,28.802,103.436,129.808,36.42227272727273,15.682502425386344,16.01159090909091,15.668636363636365,41.878554,117.831,1088.2655993667186,682.9310603526617,622.8007252029975,61.68,1378.0,86.36363636363636,18.10454545454545,512.2166646998926,117.451,205.53925,178916.1469333333,178916.1469333333,78.8409090909091,143026.900368,143026.900368,93285.86042135146,93285.86042135146,307959.23553999997,307959.23554,15.762045454545454,77.27272727272727,69.09090909090908,78.28,108.31,244.17396,52.99999999999999,22.41939,840.0,793.875,130.0,832.2289730202144,655.375,606.25,2185.0,424.0,988.05,1148.75,24236.840099999998,103950.32999999999,133622.47710141438
2021-12-01,73.8519,13.64191,29.63209,98.191,132.876,36.98363636363636,14.401263865000882,15.992363636363637,15.618909090909089,43.59343380818181,107.875,1092.173537973849,648.7184609886937,606.5579158485366,65.33,1336.25,84.54545454545453,17.551136363636363,519.3364763392211,107.87451,188.7803925,182655.18341052634,182655.18341052637,78.1818181818182,125231.40534900001,125231.405349,88982.80208484166,88982.80208484166,308859.72358499997,308859.723585,15.777272727272726,79.09090909090908,81.81818181818181,114.854,113.548,245.86278,52.29545454545455,22.55688,867.375,806.625,157.5,955.9789730202144,743.75,621.875,2045.0,408.7,926.97,1057.5,24592.6827,105238.9575,132844.5546733971
2022-01-01,76.6277,13.98214,30.64205,102.211,130.462,37.8960606060606,15.394016868334315,15.496363636363634,15.477572727272728,45.09812721272727,107.20612,1061.0135799851787,627.789436536143,596.2318950964049,61.4196,1357.5,85.0,16.966666666666665,536.2149118202458,107.91065,188.8436375,194649.68354,194649.68354,79.36363636363636,154492.171078,154492.171078,99081.29687578137,99081.29687578137,320656.27342000004,320656.27342000004,15.477572727272728,79.36363636363636,83.9090909090909,131.3166,133.11894,249.2852,53.31818181818181,22.49934,698.125,823.75,157.5,1058.1632056957226,758.125,625.0,2045.0,425.0,946.9,968.75,25338.22868759,91953.24,141819.8369915064
2022-02-01,78.4951,14.18037,31.68074,100.261,129.951,38.26590909090909,15.192286721551534,15.418181818181816,15.257572727272729,44.69127054545454,103.06097,1066.6560425717366,644.7999475589733,597.7501085475978,59.8744,1390.0,85.9090909090909,17.634090909090908,521.2008942892788,103.69926,181.473705,207111.3870105263,207111.3870105263,81.52272727272727,168598.840339,168598.840339,114455.62004712097,114455.62004712096,331213.999205,331213.999205,15.27787881818182,84.81818181818181,81.36363636363636,141.74639000000002,155.99058,249.00013,53.67045454545455,22.88103,553.75,846.5,157.5,1104.4132056957226,745.0,615.625,2095.0,420.0,1020.315,1186.6666666666667,24856.784283169996,109893.13999999998,135942.08808120483
2022-03-01,103.47,14.96648,32.271950000000004,99.526,131.399,44.41045454545454,16.14081130527813,15.87120909090909,15.677881818181817,58.57637236363637,107.29667,1054.3240464956905,630.3979194672148,510.02925749229024,63.3583,1595.0,110.9090909090909,22.19886363636364,542.5701309551393,120.0303,210.053025,265827.8811,265827.8811,108.0,230760.86339999997,230760.8634,171070.5643163411,171070.5643163411,440575.26,440575.26,16.253636363636364,103.63636363636364,84.36363636363636,108.71795,176.86171,272.12136,55.204545454545446,23.70306,672.5,1132.5,157.5,1202.4132056957226,746.25,698.125,2130.0,447.875,1077.19,1323.0,41129.325,144858.0,221796.139824
2022-04-01,77.89918636363637,14.8332,32.77615,105.233,142.321,42.27045454545454,16.770512240945642,17.06090909090909,16.717454545454544,60.912497454545445,113.93556,1390.7835774454638,731.4232071860242,669.6592291400405,62.9219,1852.0,110.0,22.17159090909091,598.7803965220917,123.36678,215.891865,203005.27966363638,203005.2796636364,101.95454545454544,163168.4147491364,163168.4147491364,125676.23444409891,125676.23444409893,332110.847023523,332110.847023523,16.855454545454545,95.45454545454544,87.09090909090908,102.48066,161.02051999999998,262.77856,56.07272727272726,25.16531,692.5,1168.875,240.0,1538.6839095615646,705.0,866.25,2165.0,398.8,1185.28,1301.875,29087.55618818182,112953.82022727275,169862.85010591356
2022-05-01,63.21797222222223,14.42917,33.03111,106.281,148.248,39.57340909090909,16.571066285829115,16.832272727272724,16.394772727272724,54.381632,109.093,1579.911287374047,795.587912384428,736.089584549081,51.4284,1890.0,100.9090909090909,14.804545454545456,574.1705222250338,122.41702,214.229785,155705.86558333336,155705.86558333336,91.3409090909091,114635.04556972224,114635.04556972224,99631.94535807623,99631.94535807623,270387.48172592616,270387.48172592616,16.64,81.81818181818181,82.9090909090909,84.22261999999999,131.12149,270.67964,47.88636363636363,25.36431,548.75,1049.5,240.0,1282.4339095615646,562.5,903.75,2200.0,377.875,1160.53,1141.875,25350.406861111114,94826.95833333334,135623.958910463
2022-06-01,57.17855714285716,13.870629999999998,33.06726999999999,103.627,153.742,31.291590909090907,15.414469925835942,15.806136363636362,15.31,44.75166709090909,103.645,1243.3141485765857,731.3612638685797,668.3608506494656,47.547,1602.5,82.22727272727272,10.517045454545451,597.9411818451501,115.66434,202.412595,139601.44726428576,139601.44726428576,74.22727272727272,97232.1364214286,97232.1364214286,75076.84659427586,75076.84659427586,240496.34675869034,240496.34675869037,15.47681818181818,75.9090909090909,76.36363636363636,63.60026,95.84439,264.16414000000003,37.73863636363636,24.692580000000003,452.5,926.0,240.0,963.6839095615646,360.0,975.0,2205.0,391.5,1271.72,1001.875,23900.63688571429,88626.7635714286,123350.64377087861
2022-07-01,58.22140000000001,13.59908,32.9709,101.941,148.317,29.079545454545453,13.672332796173082,14.009272727272728,12.857090909090909,54.98131181790209,104.761,1043.8211254405985,667.5146314522899,572.8524688048161,46.1647,1324.0,78.18181818181817,9.943181818181818,554.2914755704543,121.48842,212.604735,134759.25244,134759.25244,67.15909090909089,89691.81334200001,89691.81334200001,52371.11791142087,52371.11791142087,248511.7385816669,248511.7385816669,13.73581818181818,71.18181818181817,74.36363636363636,59.36342,73.38604,265.43795,26.659090909090907,23.89319,475.0,879.5,310.0,958.6839095615646,295.0,912.5,2065.0,364.8,1331.53,892.5,21215.878160000004,93154.24000000002,101360.60455140001
2022-08-01,60.39191818181818,13.40033,33.172839999999994,102.272,148.412,28.866363636363637,11.62051148894671,13.02590909090909,10.008636363636365,54.74096996421817,107.35909090909088,1039.4226439991744,677.2429363290784,577.1542881038717,46.897,1345.0,79.09090909090908,11.13181818181818,572.4168068216081,118.05871,206.60274250000003,143219.4339681818,143219.4339681818,68.58181818181818,83616.83815699999,83616.838157,55931.906182163606,55931.90618216361,263103.4307509091,263103.43075090914,11.686363636363636,71.63636363636363,64.72727272727272,43.82253,64.13061,264.76644,26.592727272727277,23.52836,502.5,793.75,310.0,1063.6839095615646,325.0,875.0,1925.0,371.25,1107.425,832.5,20246.390570454543,99646.665,96530.83834378124
2022-09-01,59.82,13.76443,33.42453,102.536,142.744,26.40113636363636,10.910953297924836,12.923636363636362,9.25290909090909,45.53511552374198,104.19515151515152,1027.830967650426,657.2748548676332,562.8628309169934,50.1144,1158.0,80.0,11.572727272727272,569.2685143840893,109.89432,192.31506,140421.468,140421.468,65.3409090909091,74661.34199999999,74661.34199999999,46384.69902912622,46384.69902912622,248071.00654870115,248071.00654870117,10.976181818181816,86.18181818181817,51.63636363636363,59.34959,54.655730000000005,265.56157,24.509090909090908,22.41143,610.625,651.25,310.0,1119.9339095615646,415.0,825.0,1835.0,348.1,940.47,953.75,18939.012000000002,98703.0,79523.6300436
2022-10-01,61.12,11.20556,33.91648,98.942,148.142,23.640909090909087,10.685626669798529,12.947272727272724,9.64090909090909,45.37218379366794,99.89696969696968,1024.8096144693004,656.3094954783436,542.8962398857686,55.1687,1207.5,79.09090909090908,9.96590909090909,576.896712476836,95.32193,166.8133775,143341.68,143341.68,63.329545454545446,67727.07199999999,67727.07199999999,48769.25941599662,48769.25941599662,264353.6773333331,264353.6773333331,10.752272727272729,87.63636363636364,50.18181818181818,66.23711999999999,78.40200999999999,269.54556,23.43181818181818,21.84263,566.25,592.75,310.0,1132.4339095615646,415.0,816.75,1745.0,340.875,916.975,870.0,19451.44,103904.0,82758.67459000001
2022-11-01,60.85,10.34447,34.18113,98.218,142.771,24.45113636363636,10.745239263192596,13.082954545454545,9.822727272727272,41.99960330089551,98.91969696969696,1058.1160827668632,655.2999178307313,548.8533652050496,58.39,1230.0,81.81818181818181,9.91590909090909,567.2048477072251,116.98185,204.7182375,150512.475,150512.475,67.65909090909089,71392.2625,71392.2625,56809.76817465677,56809.76817465677,263682.82625,263682.82625,10.811590909090908,85.27272727272727,54.090909090909086,83.92681,96.06725,269.9555,24.527272727272724,21.46891,505.0,561.375,310.0,1113.6839095615646,435.625,732.5,1750.0,331.25,888.905,883.75,18985.2,97360.0,84189.08576609378
2022-12-01,65.82,10.13207,34.64102,97.588,145.837,27.26363636363636,10.828774454824387,13.369272727272726,10.007454545454546,44.08545988248773,96.74424242424242,962.2201964954928,622.4505768717254,511.9563916282239,60.4774,1146.5,80.45454545454545,10.236363636363636,610.3124161329742,119.855,209.74625,167748.85199999998,167748.85199999998,67.03030303030303,76246.5462,76246.5462,59237.999999999985,59237.99999999999,289563.57149999996,289563.5715,10.900545454545457,78.4090909090909,52.49999999999999,132.38039,111.75058,268.834,26.83333333333333,21.03439,432.5,573.3333333333334,258.0,993.6839095615646,442.5,620.0,1700.0,324.0,808.64,883.75,20430.527999999995,92147.99999999999,85183.19983152
2023-01-01,69.23,10.094,34.68,97.968,144.447,30.12424242424242,10.782386363636364,13.228181818181818,9.95363636363636,45.57335123492424,104.422,947.6536271278436,629.4346031454221,521.7566390468311,58.23,1104.0625,79.09090909090908,11.136363636363637,507.2916802897282,150.25,262.9375,180856.45200000002,180856.452,68.78787878787878,74664.55500000001,74664.55500000001,62431.88566188677,62431.885661886765,309846.94183333364,309846.94183333364,10.782386363636364,73.4090909090909,50.22727272727273,169.043,141.166,269.5329684,30.09090909090909,20.71412,387.5,613.375,258.0,892.4339095615646,441.25,562.5,1671.0,341.75,834.2412499999999,798.75,21063.2275,88268.25,81821.20625
2023-02-01,73.0,10.36,34.62,95.455,140.331,30.720454545454544,10.513863636363638,12.940454545454545,9.821590909090908,47.88868827309475,100.399,896.637608966376,613.947696139477,513.6986301369863,59.01,1042.5,75.45454545454545,11.972727272727273,508.5091803224235,111.121,194.46175,193442.31578947365,193442.3157894737,68.65909090909089,79326.91,79326.91,66071.87886075531,66071.87886075531,327940.9416666669,327940.9416666669,10.513863636363636,83.18181818181817,53.40909090909091,180.756,166.648,269.18257554108004,31.443181818181817,20.76477,306.875,623.75,258.0,753.6839095615646,428.75,535.625,1770.0,360.625,954.44,908.3333333333334,21790.5,100740.0,85410.0
2023-03-01,76.08,10.612,34.26,95.493,143.318,25.777272727272724,10.013999999999998,12.331090909090909,9.263818181818182,48.946174579698656,102.536,798.9197973425103,592.438581397572,474.2615428735302,62.57,898.5,71.81818181818181,13.372727272727271,535.0025086172218,119.157,208.52475,211158.3860869565,211158.3860869565,61.90909090909091,84810.18,84810.18,69241.80181934108,69241.80181934108,344312.0859999997,344312.0859999997,10.013999999999998,87.27272727272727,56.13636363636363,122.789,192.583,268.9672294806472,28.03636363636363,20.3287,263.0,600.1,258.0,522.6839095615646,265.0,487.0,1720.0,362.1,950.065,962.5,21332.832,95100.0,77069.04
2023-04-01,80.88,10.383,33.048,96.386,144.828,24.79431818181818,9.33181818181818,11.535227272727273,8.7625,52.54372151963847,105.434,698.9872763240716,552.8673230824567,419.11136588436295,62.53,843.125,69.09090909090908,13.937499999999998,527.8869752526128,124.671,218.17425,245607.01894736846,245607.0189473685,60.68181818181818,86861.076,86861.076,75659.81885859814,75659.81885859816,370962.85999999975,370962.85999999975,9.33181818181818,81.81818181818181,62.04545454545454,129.038,186.247,267.38032282671134,26.670454545454543,19.60186,259.375,552.625,285.0,381.18390956156463,223.125,441.25,1690.0,324.6,958.875,931.25,21817.379999999997,93012.0,78251.4
2023-05-01,78.94,11.067,31.20981,101.559,142.983,23.710909090909094,9.147727272727272,11.343636363636362,8.66090909090909,54.89131126952387,106.936,716.3092797752033,555.657922012115,426.9065112743856,55.12,808.125,66.36363636363636,13.454545454545451,527.3062995798349,151.228,264.649,243619.6045454545,243619.6045454545,57.090909090909086,82704.6486,82704.6486,65401.11363732052,65401.11363732052,377866.045,377866.045,9.147727272727272,83.63636363636363,61.590909090909086,81.108,154.039,267.7279172463861,26.818181818181817,19.07638,258.75,491.375,285.0,333.68390956156463,195.0,430.0,1690.0,292.6,976.53,855.0,19517.915,96306.8,70749.97499999999
2023-06-01,83.15,10.576,29.837,107.604,149.439,22.16818181818181,9.470545454545451,11.566363636363636,8.563999999999998,55.82454682597472,108.431,653.2553435740447,500.819985786913,408.35292188268727,52.36,747.0,69.09090909090908,12.102272727272728,557.9955262153812,136.255,238.44625,262536.2261904762,262536.2261904762,54.96363636363636,84208.4995,84208.4995,63936.066502622554,63936.06650262256,421133.2695833337,421133.2695833337,9.470545454545451,89.09090909090908,56.81818181818181,79.239,109.737,269.2004207912412,26.84090909090909,18.74955,236.25,407.0,285.0,289.93390956156463,173.75,372.5,1590.0,245.8,863.3150000000002,737.5,19157.760000000002,103937.5,79491.40000000001
2023-07-01,90.42,11.06872,29.15314,113.71995,147.32601,25.422727272727272,10.580681818181818,12.367954545454545,8.76340909090909,57.614971383338606,114.06658,664.826768011904,499.4369709034606,386.9568277332046,54.7858,859.375,72.72727272727272,11.454545454545451,534.0017185881198,136.15327,238.2682225,306184.725,306184.725,68.45454545454545,94704.09960000002,94704.09960000002,76460.30359126248,76460.30359126248,460976.98350000003,460976.9835,10.580681818181818,88.36363636363636,56.0,63.24282,91.72382,270.0080220536149,28.227272727272723,18.74557,307.5,427.5,256.5,251.18390956156463,204.375,346.25,1510.0,221.25,782.868,742.5,21067.86,103983.0,99122.925
2023-08-01,95.26,11.456,29.121,118.75,151.175,28.336363636363632,11.090227272727272,13.107727272727272,8.984318181818182,53.77952223048192,124.288,723.7608077414922,565.915294027828,398.431088122459,56.3648,872.5,76.36363636363636,11.927272727272726,543.1331479759767,131.762,230.5835,325664.94782608695,325664.9478260869,77.43181818181817,104699.3134,104699.3134,78392.95166608816,78392.95166608816,504477.114166667,504477.114166667,11.090227272727272,87.72727272727272,56.36363636363636,63.625,83.859,271.2500589550615,33.32727272727273,20.1195,360.75,486.375,256.5,258.68390956156463,299.375,337.5,1560.0,244.0,863.875,821.25,23600.665,109549.0,97998.725
2023-09-01,96.65,13.038,29.44,123.383,148.537,24.943181818181817,10.78290909090909,13.112,8.844545454545454,53.72990430563815,126.587,718.3840474062926,564.3606264402953,402.4596717302356,60.7767,788.0,83.63636363636363,12.18181818181818,561.3281084331719,129.501,226.62675,348104.30500000005,348104.30500000005,71.61818181818181,103576.90550000001,103576.9055,76413.51271973853,76413.51271973853,525526.3208333337,525526.3208333337,10.78290909090909,89.31818181818181,57.49999999999999,74.533,91.053,280.68956100669766,34.98863636363636,20.8994,343.75,501.375,236.5,399.93390956156463,272.5,345.0,1610.0,256.3,931.125,853.75,23060.690000000002,111147.5,99066.25
2023-10-01,97.1,11.343,30.599,130.675,151.35,22.91363636363636,10.032045454545452,12.94431818181818,8.555,52.86737800858353,127.935,663.5614642823706,555.0744312330305,414.4040820147926,71.82,758.75,79.09090909090908,11.16590909090909,567.0536551391901,130.077,227.63475,349908.67727272725,349908.67727272725,66.90909090909089,101608.353,101608.353,74502.42726813124,74502.42726813124,532901.7925,532901.7925,10.032045454545454,91.27272727272728,62.0,64.769,109.226,292.42238465677764,31.73863636363636,20.87778,340.625,514.25,176.5,551.1839095615646,235.0,345.0,1710.0,309.5,994.425,882.5,21968.875,121375.0,98071.0
2023-11-01,90.6,9.35866,32.01884,131.25315,151.2986,25.8,10.009772727272724,12.84590909090909,8.795227272727272,52.52362960595824,127.34978,706.401766004415,567.4292594822396,443.5079269516355,84.18469999999999,816.25,78.63636363636363,11.454545454545451,572.7241916905821,134.46470000000002,235.31322500000005,368565.1142857142,368565.1142857142,66.89090909090909,100978.23,100978.23,72150.80516377556,72150.80516377556,496059.16000000027,496059.16000000027,10.009772727272724,95.9090909090909,70.0,87.3995,147.29192,299.08961502695223,32.72727272727273,20.39208,305.625,520.5,176.5,588.6839095615646,218.125,335.0,1823.0,363.625,932.625,880.0,20543.55,108720.0,94903.5
2023-12-01,90.76,8.971,32.73,130.325,154.417,27.43409090909091,10.008363636363637,13.01981818181818,9.100181818181818,51.8,121.453,693.6375656075963,566.1785327937818,443.2268921030489,98.85,803.0,78.9090909090909,12.386363636363637,636.5256666449129,163.488,286.104,390050.176,390050.176,65.31818181818181,100635.5956,100635.5956,71087.18623264597,71087.18623264597,495710.699,495710.699,10.008363636363637,100.9090909090909,76.81818181818181,150.844,172.383,299.897156987525,33.60227272727273,21.26426,254.16666666666663,511.5,176.5,572.017242894898,220.0,326.0,1860.0,346.3,891.405,861.25,21782.4,99836.0,88763.28
2024-01-01,88.98,9.88611,33.78862,122.24555,151.65117,26.193181818181817,10.0363636363636,13.019090909090908,9.18340909090909,52.16219370788769,113.1215,685.036473977809,565.4999080487954,453.6259424998467,97.4726,789.375,77.72727272727272,12.21590909090909,582.2300272801019,98.81229,172.9215075,396571.1485714286,396571.1485714286,62.22727272727273,100598.1186,100598.1186,72507.92966451302,72507.92966451302,492401.2315000003,492401.2315000003,10.0363636363636,97.04545454545452,83.4090909090909,189.07463,194.98483,299.9871261346213,31.943181818181817,21.35402,270.25,515.25,160.75,468.68390956156463,236.875,318.0,1795.0,297.0,892.05,872.5,21355.2,88980.0,83641.2
2024-02-01,91.61,10.02863,34.298010000000005,117.15675,148.81029999999998,26.21590909090909,9.886590909090907,12.859090909090908,9.172727272727272,53.02272727272727,115.86196,649.7405007392999,525.3247462067459,445.31660894503375,95.7542,776.875,74.09090909090908,10.988636363636362,586.9460905010707,145.65446,254.895305,539539.5057894738,539539.5057894738,61.79545454545453,107328.4438,107328.4438,75621.67358287574,75621.67358287574,507057.53291666636,507057.5329166664,9.886590909090907,83.18181818181817,83.18181818181817,199.51996,229.44821,301.57705790313474,32.86363636363636,21.57677,312.5,511.8333333333333,145.0,408.68390956156463,249.0,305.0,1730.0,303.0,980.25,943.75,20360.3225,82449.0,85197.3
2024-03-01,91.69,10.22543,34.5099,113.32584,160.52646,26.125,9.813272727272729,12.473999999999998,9.199272727272728,54.7090909090909,119.74733,654.3788853746319,502.4340911569617,444.9280678967668,92.3531,786.0,73.63636363636363,10.409090909090908,603.4392756441508,163.17996,285.56493,741813.3605,741813.3605,62.89090909090909,118083.88339999999,118083.8834,82422.03017643564,82422.03017643564,514219.678416667,514219.678416667,9.813272727272729,80.45454545454545,77.95454545454545,133.83385,245.10928,306.10071377168174,36.11363636363636,21.60039,297.25,514.125,145.0,408.68390956156463,253.25,305.0,1695.0,335.6,1049.955,922.5,18704.76,87105.5,90956.48
2024-04-01,92.89,10.65453,34.62168,114.7935,165.43448,27.125,9.975681818181815,12.296363636363637,9.50681818181818,54.77272727272727,114.46821,685.5616124644007,470.9871891484552,448.4776715372043,91.8575,814.375,75.0,10.488636363636362,592.3963368998628,176.09082,308.158935,971625.1777272727,971625.1777272729,67.13636363636363,132389.6147,132389.6147,82785.04404639555,82785.04404639555,527103.530916667,527103.530916667,9.975681818181815,80.68181818181817,77.27272727272727,124.89474,217.98934,298.54002614152125,38.704545454545446,21.12105,265.625,522.0,145.0,438.68390956156463,231.0,303.75,1660.0,324.375,1049.9325,928.125,19576.5675,97534.5,96025.0375
2024-05-01,90.87,10.397290000000002,34.34781,116.32176,168.20827,29.745454545454542,11.48581818181818,13.165090909090909,10.626727272727273,55.49090909090908,118.86151,715.3075822603719,495.4130276018688,464.7998639414948,85.0877,836.5,76.54545454545455,10.518181818181818,599.1496551405213,187.80719,328.66258250000004,782460.9177272728,782460.9177272728,68.67272727272727,127376.1138,127376.1138,75234.70794438537,75234.70794438537,511585.98400000035,511585.9840000004,11.48581818181818,80.68181818181817,77.04545454545453,84.59434,174.74701000000002,298.9878361807335,39.64545454545454,21.23372,269.5,536.5,145.0,403.68390956156463,222.9,293.5,1690.0,327.5,1077.22,850.0,21336.276,93596.1,98139.6
2024-06-01,88.046,11.35294,34.13133,119.0626,174.76863,35.30681818181818,14.924772727272725,15.821363636363634,14.315227272727272,56.47727272727272,120.90419,798.9108998808473,526.7133089521385,510.58021323564327,78.0075,910.625,82.72727272727272,13.0681818181818,609.8145190020227,137.96675,241.4418125,819490.4619999998,819490.462,75.25,123078.62294000002,123078.62294000002,73588.69959144777,73588.69959144777,506670.2453166664,506670.2453166664,14.924772727272726,81.59090909090908,77.27272727272727,76.19307,138.1653,297.25370673088526,40.0,22.31583,308.75,572.375,154.375,363.68390956156463,238.75,290.0,1695.0,348.0,1084.325,848.125,20558.741,88926.46,93218.70250000001
2024-07-01,87.4,12.07999,34.03058,118.61289,175.78517000000002,35.67272727272727,13.563636363636364,14.830227272727273,12.403181818181816,54.97727272727272,110.98908,796.1306428125649,536.0931974204284,505.30476388599953,75.2968,908.75,86.18181818181817,15.163636363636362,630.4872311961913,171.5506,300.21355,701325.4090909092,701325.4090909092,74.0,128858.19,128858.19,75244.341261851,75244.341261851,525757.613333333,525757.613333333,13.563636363636364,85.81818181818181,77.27272727272727,75.52639,121.13157,303.73383753761857,32.881818181818176,23.55791,313.75,591.375,157.5,393.68390956156463,248.125,291.25,1650.0,353.625,1047.47,860.625,19118.75,88274.0,95812.25
2024-08-01,88.97,12.97882,34.6299,117.17197,177.60604999999998,35.53409090909091,12.983636363636364,14.319636363636365,12.784363636363636,51.05454545454545,117.16619,759.959945640512,494.4209999284743,451.3778904022806,73.30199999999999,903.5,86.36363636363636,15.55681818181818,618.949314865301,206.92195,362.1134125,796799.1436363634,796799.1436363634,74.27272727272727,144010.4008,144010.4008,79043.30357050926,79043.30357050926,533695.442,533695.442,12.983636363636364,86.36363636363636,77.27272727272727,77.64839,126.00909,303.5819706188498,34.04545454545455,23.42313,305.625,597.0,157.5,452.43390956156463,254.375,297.5,1670.0,363.2,1013.9400000000002,884.375,19484.43,94308.2,94130.26
2024-09-01,91.3,13.445667156717985,35.859431184927416,114.2376877379459,176.85854721064644,34.88636363636363,13.412045454545456,14.725681818181815,13.279772727272729,49.27272727272727,127.24043386501842,775.415712436523,466.99193468087225,417.82833814597234,73.89800502202598,927.5,86.81818181818181,14.18181818181818,618.8255250023278,222.8224002157051,389.9392003774839,794036.1,794036.1,77.93181818181817,158473.975,158473.975,86165.40609673102,86165.40609673104,555005.8525,555005.8525,13.412045454545456,86.90909090909089,77.63636363636364,86.83714361897785,122.9966344280666,305.5248952308104,34.98863636363636,23.10293,311.25,603.25,157.5,493.68390956156463,259.375,302.5,1620.0,378.0,1030.0,861.875,19743.625,114125.0,95294.375
2024-10-01,96.11,13.31627,37.77673,113.23143,188.54737,39.66363636363636,14.348181818181816,15.303863636363635,14.084090909090907,52.88636363636363,122.2589,827.6501357346223,467.7405624237379,435.6750314507052,76.4297,1018.75,100.29545454545452,14.272727272727272,615.917045034817,194.04576,339.58008,699062.3530434783,699062.3530434783,88.29545454545453,166114.6018,166114.6018,99116.37341153475,99116.37341153476,481838.391813626,481838.391813626,14.348181818181816,91.8181818181818,88.18181818181817,80.95795,119.31839,304.0889282232256,39.32727272727272,23.2484,333.125,590.625,153.75,523.6839095615646,261.75,305.0,1520.0,410.5,963.53,834.0,22153.355,129267.95,106561.9625
2024-11-01,100.31,13.73288,40.04026,115.85916,194.72225,42.93181818181818,15.52290909090909,16.22563636363636,15.332363636363636,53.72727272727272,125.43791,821.3175519525832,450.1953036495953,432.18296009642825,80.3965,1121.5,105.52727272727272,14.170454545454543,576.5599458570922,192.83818,337.466815,815349.7729999999,815349.7729999999,95.52727272727272,188449.7802173915,188449.7802173915,113660.52435807837,113660.52435807836,503879.98234896746,503879.98234896746,15.52290909090909,108.86363636363636,108.18181818181816,122.51508,162.83444,304.788332758139,40.954545454545446,23.6281,317.5,585.0,153.125,526.1839095615646,240.875,305.0,1490.0,434.2,920.065,881.25,22810.494000000002,132910.75,121676.03
2024-12-01,102.6,14.084090909090907,40.57898166225634,142.0684378506784,179.47336394140078,40.34848484848485,15.901363636363635,16.480454545454545,15.492727272727272,53.636363636363626,127.97310842105264,841.4554905782976,427.81617343020855,389.2728454131963,83.0,1103.75,101.0,12.24242424242424,608.4148828656964,200.0,350.0,1099314.1124999998,1099314.1124999998,93.0,192751.94347826103,192751.94347826103,117014.16475895506,117014.16475895504,515383.174050484,515383.174050484,15.901363636363634,125.45454545454544,126.13636363636364,169.19259114625848,168.90906785833596,321.6278881430262,40.18181818181818,24.98700935531264,317.8333333333333,571.6666666666666,155.0,533.6839095615646,247.5,305.8333333333333,1493.0,462.625,898.0999999999999,881.25,24111.0,120555.0,118161.0
2025-01-01,100.87,9.88611,33.78862,122.24555,151.65117,26.193181818181817,10.0363636363636,13.019090909090908,9.18340909090909,52.16219370788769,113.1215,685.036473977809,565.4999080487954,453.6259424998467,97.4726,789.375,77.72727272727272,12.21590909090909,582.2300272801019,98.81229,172.9215075,449563.18000000005,396571.1485714286,62.22727272727273,114040.5959,100598.1186,82196.84047268408,72507.92966451302,558198.608916667,492401.2315000003,10.0363636363636,97.04545454545452,83.4090909090909,189.07463,194.98483,299.9871261346213,31.943181818181817,21.35402,347.8,575.0,155.0,513.817187578107,255.8,300.0,1440.0,422.1,915.0,873.3333333333334,24208.800000000003,100870.0,94817.8
2025-02-01,92.82,10.02863,34.298010000000005,117.15675,148.81029999999998,26.21590909090909,9.886590909090907,12.859090909090908,9.172727272727272,53.02272727272727,115.86196,649.7405007392999,525.3247462067459,445.31660894503375,95.7542,776.875,74.09090909090908,10.988636363636362,586.9460905010707,145.65446,254.895305,546665.8326315789,539539.5057894738,61.79545454545453,108746.05559999999,107328.4438,76620.49712872531,75621.67358287574,513754.83249999967,507057.5329166664,9.886590909090907,83.18181818181817,83.18181818181817,199.51996,229.44821,301.57705790313474,32.86363636363636,21.57677,387.0,585.25,155.0,489.9099260386362,274.25,308.75,1460.0,359.25,910.0,893.3333333333334,20629.245,83538.0,86322.59999999999
2025-03-01,86.07,10.22543,34.5099,113.32584,160.52646,26.125,9.813272727272729,12.473999999999998,9.199272727272728,54.7090909090909,119.74733,654.3788853746319,502.4340911569617,444.9280678967668,92.3531,786.0,73.63636363636363,10.409090909090908,603.4392756441508,163.17996,285.56493,696345.0314999999,741813.3605,62.89090909090909,110846.11019999998,118083.8834,77370.09638222068,82422.03017643564,482701.36025000026,514219.678416667,9.813272727272729,80.45454545454545,77.95454545454545,133.83385,245.10928,306.10071377168174,36.11363636363636,21.60039,361.0,604.0,152.5,455.5349260386362,268.75,314.5,1593.335502082664,375.5,850.0,856.25,17558.28,81766.5,85381.43999999999
2025-04-01,83.3,10.65453,34.62168,114.7935,165.43448,27.125,9.975681818181815,12.296363636363637,9.50681818181818,54.77272727272727,114.46821,685.5616124644007,470.9871891484552,448.4776715372043,91.8575,814.375,75.0,10.488636363636362,592.3963368998628,176.09082,308.158935,871314.2136363636,971625.1777272729,67.13636363636363,118721.659,132389.6147,74238.28365878726,82785.04404639555,472685.1558333336,527103.530916667,9.975681818181815,80.68181818181817,77.27272727272727,124.89474,217.98934,298.54002614152125,38.704545454545446,21.12105,351.0,636.25,152.5,397.82659270530297,256.25,334.0,1593.335502082664,322.25,768.75,808.75,17555.475,87465.0,86111.375
2025-05-01,80.5,10.397290000000002,34.34781,116.32176,168.20827,29.745454545454542,11.48581818181818,13.165090909090909,10.626727272727273,55.49090909090908,118.86151,715.3075822603719,495.4130276018688,464.7998639414948,85.0877,836.5,76.54545454545455,10.518181818181818,599.1496551405213,187.80719,328.66258250000004,693167.2045454546,782460.9177272728,68.67272727272727,112840.07,127376.1138,66648.99295172248,75234.70794438537,453204.26666666695,511585.9840000004,11.48581818181818,80.68181818181817,77.04545454545453,84.59434,174.74701000000002,298.9878361807335,39.64545454545454,21.23372,379.9969753941767,662.5,152.5,367.0099260386363,262.5,345.0,1593.335502082664,278.25,716.6666666666666,782.5,18901.4,82915.0,86940.0
