Date,Карбамид (FOB Южный),"Моноаммонийфосфат, MAP (FOB Балтика)",Апатитовый концетрат (FOB Morocco),Аммиак (FOB Черное море),Аммиачная селитра (FOB Черное море),Хлорид калия (CFR Ю-В Азия),Капролактам импортный контракт (Тайвань и Ю. Корея) CFR Азия,Метанол,"Бензол, CFR Япония","Этилен, CFR Китай"
2016-01-01,209.875,366.25,120.0,266.6666666666667,199.375,278.75,1153.0,185.4,556.0,987.5
2016-02-01,207.125,332.5,117.5,260.5,182.125,272.5,1163.0,150.0,546.25,927.5
2016-03-01,199.875,345.0,117.5,267.5,180.3,267.5,1290.0,164.75,625.0,1173.75
2016-04-01,203.875,346.25,115.0,271.0,172.0,267.5,1355.0,179.9,642.0,1192.5
2016-05-01,200.5,341.5,107.5,279.25,154.75,251.875,1278.0,201.25,631.25,1160.0
2016-06-01,191.25,340.0,107.5,271.125,143.1,244.375,1293.0,203.0,610.0,1055.0
2016-07-01,176.25,338.75,107.5,258.5,138.625,242.5,1340.0,200.4,631.0,1115.0
2016-08-01,183.75,340.0,107.5,203.75,144.375,242.5,1400.0,197.0,657.5,1130.0
2016-09-01,189.0,342.5,107.5,178.5,156.1,245.0,1423.0,210.5,640.0,1178.75
2016-10-01,191.375,335.0,105.25,171.875,175.875,246.875,1428.0,216.5,641.25,1068.75
2016-11-01,212.0,319.375,85.0,170.0,182.75,245.625,1460.0,253.125,696.25,998.75
2016-12-01,215.66666666666666,310.0,85.0,214.2,186.5,245.0,1805.0,307.3,834.0,1123.0
2017-01-01,241.75,319.375,85.0,268.3333333333333,199.625,245.0,2015.0,331.5,937.5,1145.0
2017-02-01,249.375,358.0,85.0,301.875,207.875,246.0,2178.0,392.375,1015.0,1322.5
2017-03-01,232.5,375.0,85.0,318.0,203.5,247.2,2240.0,370.6,820.0,1207.5
2017-04-01,199.0,355.0,85.0,309.375,177.375,248.25,1830.0,304.625,813.75,1187.5
2017-05-01,180.125,343.75,83.75,297.5,164.25,249.0,1550.0,274.375,748.75,1132.5
2017-06-01,187.5,342.5,82.5,244.5,161.2,250.0,1560.0,264.2,747.0,956.25
2017-07-01,187.5,338.75,82.5,201.25,162.75,249.875,1638.0,258.75,726.25,962.5
2017-08-01,200.125,323.75,80.5,187.5,173.3,250.125,1715.0,258.5,766.25,1208.75
2017-09-01,236.5,331.375,77.5,207.0,216.5,255.0,1740.0,265.7,791.0,1322.5
2017-10-01,262.75,341.25,77.5,228.5,238.375,257.5,2003.0,252.625,790.0,1278.75
2017-11-01,261.625,366.25,77.5,280.625,223.1,258.75,2065.0,280.625,845.0,1283.75
2017-12-01,217.83333333333334,377.1666666666667,77.5,311.0,200.83333333333334,260.0,2035.0,319.1,884.0,1345.0
2018-01-01,226.625,387.25,77.5,317.0,192.5,258.125,2020.0,357.25,925.0,1378.75
2018-02-01,234.5,406.5,80.5,293.75,191.875,260.0,2058.0,333.125,906.25,1285.0
2018-03-01,232.875,400.75,81.5,254.0,185.7,272.5,2145.0,315.3,850.0,1328.0
2018-04-01,227.125,397.875,81.5,223.125,165.375,282.5,2205.0,318.0,842.5,1336.25
2018-05-01,218.25,396.875,81.5,221.0,156.8,287.875,2038.0,328.625,860.0,1267.5
2018-06-01,242.5,409.125,81.5,240.4,178.125,288.5,2118.0,376.2,837.0,1376.25
2018-07-01,257.25,421.25,81.5,259.5,207.5,290.0,2125.0,344.0,843.75,1390.0
2018-08-01,258.0,430.0,81.5,302.2,217.5,291.0,2140.0,355.3,887.0,1383.75
2018-09-01,273.25,433.625,81.5,331.875,217.5,295.625,2155.0,368.125,862.5,1293.75
2018-10-01,301.5,432.5,81.5,340.625,196.875,303.75,2220.0,365.625,826.25,1110.0
2018-11-01,298.0,421.25,88.6,327.5,189.5,310.0,2115.0,334.3,696.0,977.5
2018-12-01,279.1666666666667,410.1666666666667,90.0,302.5,182.5,310.0,1830.0,289.3333333333333,606.6666666666666,880.0
2019-01-01,270.875,407.75,90.0,263.3333333333333,185.5,309.125,1575.0,275.75,577.5,927.5
2019-02-01,240.83333333333334,398.3333333333333,90.0,271.875,185.0,306.8333333333333,1635.0,276.5,615.0,1151.6666666666667
2019-03-01,223.625,379.5,90.0,265.0,182.375,306.25,1745.0,282.0,615.0,1066.25
2019-04-01,229.75,372.5,90.0,245.625,172.5,303.75,1765.0,271.875,620.0,998.75
2019-05-01,251.0,375.5,90.0,214.5,199.3,299.0,1750.0,264.5,610.0,958.75
2019-06-01,259.875,342.5,82.5,202.25,212.5,300.0,1485.0,244.25,613.75,793.75
2019-07-01,264.5,330.875,75.0,204.125,210.625,303.5,1473.0,215.625,680.0,811.25
2019-08-01,241.75,315.0,75.0,213.3,188.9,295.0,1500.0,212.0,652.0,904.0
2019-09-01,235.375,304.375,75.0,221.5,179.5,291.0,1425.0,213.5,715.0,865.0
2019-10-01,230.75,290.5,75.0,229.25,173.6,287.125,1455.0,203.75,680.0,746.25
2019-11-01,215.5,276.75,72.5,226.0,181.0,280.0,1375.0,207.0,652.0,796.25
2019-12-01,207.5,257.8333333333333,72.5,217.625,184.0,269.0,1240.0,206.0,728.75,747.5
2020-01-01,211.6,266.7,72.5,220.5,185.7,264.3,1305.0,233.2,732.0,805.0
2020-02-01,215.5,296.0,72.5,220.875,188.25,253.75,1375.0,246.25,663.75,732.5
2020-03-01,227.625,300.25,72.5,222.5,189.75,250.0,1285.0,192.25,491.25,605.0
2020-04-01,216.75,295.375,73.5,218.16666666666666,174.7,248.375,935.0,151.25,343.75,393.75
2020-05-01,201.75,282.375,77.5,199.6,140.0,243.5,955.0,148.4,381.0,603.75
2020-06-01,208.5,286.25,77.5,180.875,137.5,238.0,1060.0,152.5,430.0,813.75
2020-07-01,215.7,312.1,77.5,180.5,158.4,236.6,1110.0,168.4,427.0,818.75
2020-08-01,245.25,319.75,77.5,179.5,165.5,235.0,1005.0,189.25,441.25,731.25
2020-09-01,238.5,332.0,77.5,191.66666666666666,166.5,235.0,1035.0,208.5,435.0,812.5
2020-10-01,235.125,334.875,79.9,204.4,170.5,236.25,1123.0,234.8,426.0,830.0
2020-11-01,234.0,340.625,82.25,207.125,169.5,235.0,1210.0,268.5,538.75,876.25
2020-12-01,239.0,362.875,83.0,215.25,167.5,235.0,1380.0,335.5,623.75,983.75
2021-01-01,281.625,430.125,83.0,238.0,195.625,247.0,1560.0,394.625,629.8199999999999,988.75
2021-02-01,335.625,547.625,93.0,303.25,237.0,251.875,1560.0,407.625,659.75,898.75
2021-03-01,345.0,578.0,93.0,399.75,255.625,268.75,1950.0,379.75,820.03,1120.0
2021-04-01,321.25,574.75,96.625,448.875,243.8,278.125,1975.0,380.0,827.5650000000002,1098.75
2021-05-01,333.125,598.0,107.5,436.25,216.25,285.0,2040.0,369.75,948.8,1095.625
2021-06-01,399.375,695.625,107.5,458.75,260.125,313.75,2045.0,366.25,976.375,928.75
2021-07-01,440.0,721.125,107.5,547.0,300.8,405.0,2045.0,395.4,995.25,986.25
2021-08-01,414.375,689.25,124.375,590.9789730202144,300.0,482.5,2070.0,459.5,1045.925,956.25
2021-09-01,428.75,661.0,130.0,590.9789730202144,307.5,537.5,2015.0,441.5,970.0650000000002,1105.0
2021-10-01,708.75,735.625,130.0,670.9789730202144,537.875,590.0,2125.0,506.7,980.875,1167.5
2021-11-01,840.0,793.875,130.0,832.2289730202144,655.375,606.25,2185.0,424.0,988.05,1148.75
2021-12-01,867.375,806.625,157.5,955.9789730202144,743.75,621.875,2045.0,408.7,926.97,1057.5
2022-01-01,698.125,823.75,157.5,1058.1632056957226,758.125,625.0,2045.0,425.0,946.9,968.75
2022-02-01,553.75,846.5,157.5,1104.4132056957226,745.0,615.625,2095.0,420.0,1020.315,1186.6666666666667
2022-03-01,672.5,1132.5,157.5,1202.4132056957226,746.25,698.125,2130.0,447.875,1077.19,1323.0
2022-04-01,692.5,1168.875,240.0,1538.6839095615646,705.0,866.25,2165.0,398.8,1185.28,1301.875
2022-05-01,548.75,1049.5,240.0,1282.4339095615646,562.5,903.75,2200.0,377.875,1160.53,1141.875
2022-06-01,452.5,926.0,240.0,963.6839095615646,360.0,975.0,2205.0,391.5,1271.72,1001.875
2022-07-01,475.0,879.5,310.0,958.6839095615646,295.0,912.5,2065.0,364.8,1331.53,892.5
2022-08-01,502.5,793.75,310.0,1063.6839095615646,325.0,875.0,1925.0,371.25,1107.425,832.5
2022-09-01,610.625,651.25,310.0,1119.9339095615646,415.0,825.0,1835.0,348.1,940.47,953.75
2022-10-01,566.25,592.75,310.0,1132.4339095615646,415.0,816.75,1745.0,340.875,916.975,870.0
2022-11-01,505.0,561.375,310.0,1113.6839095615646,435.625,732.5,1750.0,331.25,888.905,883.75
2022-12-01,432.5,573.3333333333334,258.0,993.6839095615646,442.5,620.0,1700.0,324.0,808.64,883.75
2023-01-01,387.5,613.375,258.0,892.4339095615646,441.25,562.5,1671.0,341.75,834.2412499999999,798.75
2023-02-01,306.875,623.75,258.0,753.6839095615646,428.75,535.625,1770.0,360.625,954.44,908.3333333333334
2023-03-01,263.0,600.1,258.0,522.6839095615646,265.0,487.0,1720.0,362.1,950.065,962.5
2023-04-01,259.375,552.625,285.0,381.18390956156463,223.125,441.25,1690.0,324.6,958.875,931.25
2023-05-01,258.75,491.375,285.0,333.68390956156463,195.0,430.0,1690.0,292.6,976.53,855.0
2023-06-01,236.25,407.0,285.0,289.93390956156463,173.75,372.5,1590.0,245.8,863.3150000000002,737.5
2023-07-01,307.5,427.5,256.5,251.18390956156466,204.375,346.25,1510.0,221.25,782.868,742.5
2023-08-01,360.75,486.375,256.5,258.68390956156463,299.375,337.5,1560.0,244.0,863.875,821.25
2023-09-01,343.75,501.375,236.5,399.93390956156463,272.5,345.0,1610.0,256.3,931.125,853.75
2023-10-01,340.625,514.25,176.5,551.1839095615646,235.0,345.0,1710.0,309.5,994.425,882.5
2023-11-01,305.625,520.5,176.5,588.6839095615646,218.125,335.0,1823.0,363.625,932.625,880.0
2023-12-01,254.16666666666666,511.5,176.5,572.017242894898,220.0,326.0,1860.0,346.3,891.405,861.25
2024-01-01,270.25,515.25,160.75,468.68390956156463,236.875,318.0,1795.0,297.0,892.05,872.5
2024-02-01,312.5,511.8333333333333,145.0,408.68390956156463,249.0,305.0,1730.0,303.0,980.25,943.75
2024-03-01,297.25,514.125,145.0,408.68390956156463,253.25,305.0,1695.0,335.6,1049.955,922.5
2024-04-01,265.625,522.0,145.0,438.68390956156463,231.0,303.75,1660.0,324.375,1049.9325,928.125
2024-05-01,269.5,536.5,145.0,403.68390956156463,222.9,293.5,1690.0,327.5,1077.22,850.0
2024-06-01,308.75,572.375,154.375,363.68390956156463,238.75,290.0,1695.0,348.0,1084.325,848.125
2024-07-01,313.75,591.375,157.5,393.68390956156463,248.125,291.25,1650.0,353.625,1047.47,860.625
2024-08-01,305.625,597.0,157.5,452.43390956156463,254.375,297.5,1670.0,363.2,1013.9400000000002,884.375
2024-09-01,311.25,603.25,157.5,493.68390956156463,259.375,302.5,1620.0,378.0,1030.0,861.875
2024-10-01,333.125,590.625,153.75,523.6839095615646,261.75,305.0,1520.0,410.5,963.53,834.0
2024-11-01,317.5,585.0,153.125,526.1839095615646,240.875,305.0,1490.0,434.2,920.065,881.25
2024-12-01,317.8333333333333,571.6666666666666,155.0,533.6839095615646,247.5,305.8333333333333,1493.0,462.625,898.0999999999999,881.25
2025-01-01,347.8,575.0,155.0,513.817187578107,255.8,300.0,1440.0,422.1,915.0,873.3333333333334
2025-02-01,387.0,585.25,155.0,489.90992603863623,274.25,308.75,1460.0,359.25,910.0,893.3333333333334
2025-03-01,361.0,604.0,152.5,455.53492603863623,268.75,314.5,1593.3355020826639,375.5,850.0,856.25
2025-04-01,351.0,636.25,152.5,397.82659270530297,256.25,334.0,1593.3355020826639,322.25,768.75,808.75
2025-05-01,379.9969753941767,662.5,152.5,367.0099260386363,262.5,345.0,1593.3355020826639,278.25,716.6666666666666,782.5
2025-06-01,324.57737155231064,541.5666005671155,128.38162314242467,412.43444866236865,286.7480997118869,328.8570196903118,1593.3355020826639,313.5521581355603,779.3497870585458,776.6540873847576
